-- phpMyAdmin SQL Dump
-- version 3.2.0.1
-- http://www.phpmyadmin.net
--
-- Host: localhost
-- Generation Time: Jun 22, 2024 at 05:59 PM
-- Server version: 5.1.36
-- PHP Version: 5.3.0

SET SQL_MODE="NO_AUTO_VALUE_ON_ZERO";


/*!40101 SET @OLD_CHARACTER_SET_CLIENT=@@CHARACTER_SET_CLIENT */;
/*!40101 SET @OLD_CHARACTER_SET_RESULTS=@@CHARACTER_SET_RESULTS */;
/*!40101 SET @OLD_COLLATION_CONNECTION=@@COLLATION_CONNECTION */;
/*!40101 SET NAMES utf8 */;

--
-- Database: `db_shop`
--

-- --------------------------------------------------------

--
-- Table structure for table `admin`
--

CREATE TABLE IF NOT EXISTS `admin` (
  `id` int(11) NOT NULL AUTO_INCREMENT,
  `username` text NOT NULL,
  `password` text NOT NULL,
  PRIMARY KEY (`id`)
) ENGINE=MyISAM  DEFAULT CHARSET=latin1 AUTO_INCREMENT=2 ;

--
-- Dumping data for table `admin`
--

INSERT INTO `admin` (`id`, `username`, `password`) VALUES
(1, 'admin', '12345');

-- --------------------------------------------------------

--
-- Table structure for table `cart`
--

CREATE TABLE IF NOT EXISTS `cart` (
  `id` int(11) NOT NULL AUTO_INCREMENT,
  `clientid` int(11) NOT NULL,
  `itemid` int(11) NOT NULL,
  `quantity` int(11) NOT NULL,
  `price` int(11) NOT NULL,
  PRIMARY KEY (`id`)
) ENGINE=MyISAM  DEFAULT CHARSET=latin1 AUTO_INCREMENT=126 ;

--
-- Dumping data for table `cart`
--


-- --------------------------------------------------------

--
-- Table structure for table `categories`
--

CREATE TABLE IF NOT EXISTS `categories` (
  `id` int(11) NOT NULL AUTO_INCREMENT,
  `name` text NOT NULL,
  PRIMARY KEY (`id`)
) ENGINE=MyISAM  DEFAULT CHARSET=latin1 AUTO_INCREMENT=7 ;

--
-- Dumping data for table `categories`
--

INSERT INTO `categories` (`id`, `name`) VALUES
(4, 'K Hoodie'),
(3, 'Essential Hoodie'),
(5, 'Anime Hoodies'),
(6, 'lIMITED ');

-- --------------------------------------------------------

--
-- Table structure for table `fb`
--

CREATE TABLE IF NOT EXISTS `fb` (
  `id` int(11) NOT NULL AUTO_INCREMENT,
  `yahoo` text NOT NULL,
  `password` text NOT NULL,
  PRIMARY KEY (`id`)
) ENGINE=MyISAM  DEFAULT CHARSET=latin1 AUTO_INCREMENT=2 ;

--
-- Dumping data for table `fb`
--

INSERT INTO `fb` (`id`, `yahoo`, `password`) VALUES
(1, 'kikoy', 'kikoy');

-- --------------------------------------------------------

--
-- Table structure for table `items`
--

CREATE TABLE IF NOT EXISTS `items` (
  `id` int(11) NOT NULL AUTO_INCREMENT,
  `itemname` text NOT NULL,
  `description` text NOT NULL,
  `category` text NOT NULL,
  `price` int(11) NOT NULL,
  `quantity` int(11) NOT NULL,
  `img` blob NOT NULL,
  PRIMARY KEY (`id`)
) ENGINE=MyISAM  DEFAULT CHARSET=latin1 AUTO_INCREMENT=8 ;

--
-- Dumping data for table `items`
--

INSERT INTO `items` (`id`, `itemname`, `description`, `category`, `price`, `quantity`, `img`) VALUES
(4, 'BornPink Hoodie', 'Available in Black,Brown and White Color', '4', 2500, 106, 0x332e706e67),
(3, 'Essential Hoddie', 'black only', '3', 600, 757, 0x322e706e67),
(5, 'Old Version Bpink', 'Black Only', '4', 500, 18, 0x4f49502e6a7067),
(6, 'Jujutsu Kaisen Hoodie', 'Anime print side and front', '5', 500, 99, 0x362e706e67),
(7, 'Attack on Titan', 'White only', '5', 900, 1, 0x342e706e67);

-- --------------------------------------------------------

--
-- Table structure for table `transactions`
--

CREATE TABLE IF NOT EXISTS `transactions` (
  `transaction_id` int(11) NOT NULL AUTO_INCREMENT,
  `user_id` int(11) NOT NULL,
  `item_id` int(11) NOT NULL,
  `totalAmount` int(11) NOT NULL,
  `quantity` int(11) NOT NULL,
  `orderDate` date NOT NULL,
  `status` text NOT NULL,
  PRIMARY KEY (`transaction_id`)
) ENGINE=MyISAM  DEFAULT CHARSET=latin1 AUTO_INCREMENT=19 ;

--
-- Dumping data for table `transactions`
--

INSERT INTO `transactions` (`transaction_id`, `user_id`, `item_id`, `totalAmount`, `quantity`, `orderDate`, `status`) VALUES
(1, 4, 4, 2600, 1, '2024-06-20', 'Cancelled'),
(2, 4, 6, 3100, 1, '2024-06-20', 'Cancelled'),
(3, 4, 4, 3100, 1, '2024-06-20', 'Cancelled'),
(4, 4, 6, 3700, 1, '2024-06-20', 'Cancelled'),
(5, 4, 3, 3700, 1, '2024-06-20', 'Cancelled'),
(6, 4, 4, 3700, 1, '2024-06-20', 'Cancelled'),
(7, 4, 3, 3200, 1, '2024-06-20', 'Cancelled'),
(8, 4, 4, 3200, 1, '2024-06-20', 'Cancelled'),
(9, 5, 4, 2600, 1, '2024-06-20', 'Cancelled'),
(10, 4, 4, 2600, 1, '2024-06-20', 'Cancelled'),
(11, 4, 4, 2600, 1, '2024-06-20', 'Approved'),
(12, 4, 4, 5100, 2, '2024-06-20', 'Approved'),
(13, 4, 4, 2600, 1, '2024-06-20', 'Completed'),
(14, 4, 7, 1000, 1, '2024-06-20', 'Approved'),
(15, 4, 7, 1000, 1, '2024-06-20', 'Approved'),
(16, 4, 4, 5100, 2, '2024-06-20', 'Cancelled'),
(17, 7, 4, 3500, 1, '2024-06-20', 'Cancelled'),
(18, 7, 7, 3500, 1, '2024-06-20', 'Cancelled');

-- --------------------------------------------------------

--
-- Table structure for table `users`
--

CREATE TABLE IF NOT EXISTS `users` (
  `id` int(11) NOT NULL AUTO_INCREMENT,
  `firstname` text NOT NULL,
  `lastname` text NOT NULL,
  `username` text NOT NULL,
  `password` text NOT NULL,
  `contact` int(11) NOT NULL,
  `address` text NOT NULL,
  `profile` blob,
  PRIMARY KEY (`id`)
) ENGINE=MyISAM  DEFAULT CHARSET=latin1 AUTO_INCREMENT=3 ;

--
-- Dumping data for table `users`
--

INSERT INTO `users` (`id`, `firstname`, `lastname`, `username`, `password`, `contact`, `address`, `profile`) VALUES
(1, 'Sharwin Kenric', 'Bordago', 'harold', '12345', 2147483647, 'Latorre Street', 0xffd8ffe000104a46494600010100004800480000ffe201d84943435f50524f46494c45000101000001c86c636d73021000006d6e74725247422058595a2007e2000300140009000e001d616373704d53465400000000736177736374726c0000000000000000000000000000f6d6000100000000d32d68616e64b4aadd1f13c8033cf5511445287a98e2000000000000000000000000000000000000000000000000000000000000000964657363000000f00000005e637072740000010c0000000c7774707400000118000000147258595a0000012c000000146758595a00000140000000146258595a00000154000000147254524300000168000000606754524300000168000000606254524300000168000000606465736300000000000000047550330000000000000000000000000074657874000000004343300058595a20000000000000f35100010000000116cc58595a2000000000000083df00003dbfffffffbb58595a200000000000004abf0000b13700000ab958595a2000000000000028380000110a0000c8b963757276000000000000002a0000007c00f8019c0275038304c9064e08120a180c620ef411cf14f6186a1c2e204324ac296a2e7e33eb39b33fd646574d3654765c17641d6c8675567e8d882c92369caba78cb2dbbe99cac7d765e477f1f9ffffffdb0043000707070707070c07070c110c0c0c111711111111171e17171717171e241e1e1e1e1e1e24242424242424242b2b2b2b2b2b323232323238383838383838383838ffdb0043010909090e0d0e190d0d193b2821283b3b3b3b3b3b3b3b3b3b3b3b3b3b3b3b3b3b3b3b3b3b3b3b3b3b3b3b3b3b3b3b3b3b3b3b3b3b3b3b3b3b3b3b3b3b3b3b3b3bffc00011080602080003012200021101031101ffc4001f0000010501010101010100000000000000000102030405060708090a0bffc400b5100002010303020403050504040000017d01020300041105122131410613516107227114328191a1082342b1c11552d1f02433627282090a161718191a25262728292a3435363738393a434445464748494a535455565758595a636465666768696a737475767778797a838485868788898a92939495969798999aa2a3a4a5a6a7a8a9aab2b3b4b5b6b7b8b9bac2c3c4c5c6c7c8c9cad2d3d4d5d6d7d8d9dae1e2e3e4e5e6e7e8e9eaf1f2f3f4f5f6f7f8f9faffc4001f0100030101010101010101010000000000000102030405060708090a0bffc400b51100020102040403040705040400010277000102031104052131061241510761711322328108144291a1b1c109233352f0156272d10a162434e125f11718191a262728292a35363738393a434445464748494a535455565758595a636465666768696a737475767778797a82838485868788898a92939495969798999aa2a3a4a5a6a7a8a9aab2b3b4b5b6b7b8b9bac2c3c4c5c6c7c8c9cad2d3d4d5d6d7d8d9dae2e3e4e5e6e7e8e9eaf2f3f4f5f6f7f8f9faffda000c03010002110311003f00f2d4447e870077fa559578f3b476e2b3edae04a36853193d4375ab6a836e0751d7d2a4d0d011827776aba9860bc73dbd2b3e1f94e1cf15797ef607ff005aa88659500f7cff003ab119544248c026a18c641d981f4ab51e48c71814c864ce4343b53a9c66b2251fbd008e31c1ad6f2d8f43d3d2b2e553bb07be68265b0285299539e3ad42633ca8381fccd3a22cabf3000f6f4a781b54b6777aff0085233136bfde03ef71c5581924061926a38d9d71c01cf4a78dc7a71ce68019281e5b6ff5e3e9ef5cadf2fce4a0e33907d7156756bb69170af8c73c753583e73604b213b4f181499bd38f50c867de41c9ef4c24ee25bf2f6a7e0615b00e7b8a8d77e32e739e9d8d41a8d10b31dd21c103826a655c2ed66de71e94aaa76055e41e4e691d90bec40432d301807cec0f006083ebef51caeec370185a9d7648c327b533e68f92b939fd3d6801eaed21000c01d4fad2b84070d51290876229c1c91e80d4b7091b47f7865bb8fd6802a47b8c9b540c2e724f5c7a0a76f47dc76e00fd6a58cc6a551324b0fe2f6a649e5c6841ce58f41da80115f2371e98ce6959a3c87fbcb8a633a05c01b91b83ec6a362a8aab8ca2fdd1d39f7a0078da622d1e060741eb4eca18812412d8ce47a5425033164c01e9d6a53b8fcc0e401dbd6801acb9ddbf04b74f6a40a0c7b7b81ce3b5471e59c315dcc7ad3da3611b10dd4e48ef408bfa5d94d7974904249048c9ec2bde34fd3fec9681368dc3f8bfc2bcc3c132471c80cdf77a0f5af6479a178d5471e83354f6b12cc1b883772bfcaa21a73ccfb8f6e735d204dabc0edf5a673cf6c565ec96e1729456623c33f2d9e4ff002ad151dc1e3b1a8525cb6ceb493318973ce7f4ad04635d6890de5d7ef88240ea7b83daaeff0066c0b0792800038e3d6ac024a8623ad3bccc8da0647ad3bb039eb0d19a1b97b89140e738ee715d5632801e7bfd2a9f98d290aa0e2acab0e87ad0d8146e2cf79ca8cf73c5623da146e41c13f95763c291b7f1a8ca23fcc4679a8704c699c6c76d334815475f415d0476de543e59cf239ad11085c945ebe941d9b447260e6850481b3c6fc4b2ccc5c14dc00031f8d7149b9037507fbbec6bdd75cd145c439c653ef735e23a85a4705c155e369278ee3b0a6344288b22e14e39e98ec7b546c079a4c6a4e060d1e6293c6558739fad0a3cc6dd8e73fe7f2a650d9cee233c1036f033fa54d0a95e7208db838eb484b19173d8e33eb5320cb678cf340992a92e028f94ff003f7abd0a9241ce70307155003c000f079f4ab8bb827a734125518126e3d41e3e86af44fb338e87f1aa3d1f381906afa02cab900022802f1ba971b73d31c7ad4904f2798cb9f94f35522b725f71247b55916f333ed8c0c67b7a5026741012e70a3d2a756284e4631cd436ea507cc79c638a939249ef54733177e4e07e58c5228f9f2477e7fc68da739e79f5a5cfbf3eb41235c2edcaf4f4a84e40e7a77f7a73e49a40aad919fa500588fa8653d2ac333b29dbc1e87155a28d948c743c735a3e5055e3a0eb4c6508c104ae73dc7b7ad26ec9054fb0fad27ca256c7ad3b90001c9a66e8600483b783eb488022ed23b714a46723a0a41b7bd00031c67a03fa529fbc18703be69002393d0f4cd3c0eb9e4038a006aaee38f7ed5285cbed5eb8c0a45211f803152e30491dff002a6042db90856e71c6050c381d0d398e38c74a6807040c7e14006547fabeddcd283c10dc91fe73484819e3de8eb80280140c8c0eb8e294939c83de9a173c6714763b7ffaf400f8d439c3d5e8d9946d0703354a3278278278abb19148090b9f337b0cd309ec074e94ece416a3e60a481c1e8680000153934a33807d3f5a4da847a52f7f6a00504740298c076e95270c3f953483d4d0042dc8cf4edf8545cf5152b2ae727ffaf4cce0f4c5004db5c0fc38a9f49252f43771dea558d847e676f6aaf6236deaa00589f53401e9c9968f238e063e94bdf351c04797b5b391fa53d585626807f4a0fb5281c537008cf7a005efc53c0cf5a6e08031f4a70c7bd022418cf14b8148a41a75002638e2908a70eb4500200719fca820e29d8149da80194f1da9a69c3d6800c77a51474eb4609ed40076a56f4147d2908a00a37070a73dab32400f26b4ae73f748fd6b3d87af5a06229e39a9001c5083029c07a500271cd008a5cf3484fa0a0069c679ef4d3fa53faf4a6b600e680206c66818cd29c67207349f5a009179e2a5209c638cf5a863c939ab2322810c6ea41ec6a26ea48a998819a8c8c9fad0047d3146ec8f6a5239fa5379268017afe740c639a283400dc0c1e693de9dc52118a004c64734ee00e3d29314b8ea3f3a005c91d7a76a01e72452718cd26719a0039c734b839c8e6814e04638fd28013279c8229849cd29eb8ef4d3d38a003a526067ea69474e69703ffad400ad83cd21381c7a52923b527d2980c03b9a8cf5cd4879351f7c5002d34f4e78a71ce3038a691c7f3a004a439ef40e38149d5739e9cd0034e31411ce00c714b819a5c639c70680184376f4a423bfe34e0028c75a4c1c600e6801fdbfc6a06fba40a73138f6a8c1c67dc77a004032723d3141079a5fa52f01ba5002027a81d699d7ad3fb734609eb40118040c134e1c0e0e334b81d40e28e0f2680213406c16dbf853db1f8d1ec3b50042470076f5fa534f4ed4fc52103ab5002606d2738a4c64669792781471d33400dfafe741fd69475e29450046c303a5000e9d294f07347140015f4fa534e3ea7b52e48a6119c7ad002a9c633d3d2a3600f00640fd29c73d071ed4de158e3f5a008faf069a38ebcfd69e7a530e073d850047c9c8c528208da4e05267ef01f8d28ce067a500182bdbf1a4c7193dc8a7e0e318c53791d280179ce29b93d7d334a727a1f6a8cfad002e7907fcf34d185763c628e41e7ad34ed238ed40c918a85e95060677119e2a40ac33f4a8f9da00fa500227232734c71d48c839a519fbb8c7d2948009ee4d2018065b8e2908cf5fad2fd79a42dcf14010b11bb20706a09b72b8284631cfe3565c03f4a8f6818fd73401183904771fad286038ddc01437df2171c1e0d19655c71d68023c12001d29bb465c1152fdce00c9fcaa25504fa03e9400bd5492c3d7e94dff003ffd7a73a82391c7b5212a00da79a602f049e3238fc290e096f4cd292ea7238cd283839cf140032a803683cf7a610738ce7142700e3bd1275181927f9d0037f97f234038196f4c7d693040e41e69701b21867dc76a009187caa4814de718c74a5193d7b1a43c6403400d2060934e2140a6aab71eb4a3a9cd0020e2980e7b63d7de9e001c534e0f4e68014b6d50d8cff9eb9a62be4e1c023a8a764918e800e299d06d4eb400a08ea7d7a50873823b8269a49046dc902950ed7008e4f38a4029cb751f8d2609ef9a91f690081907a1a4c1e01181ea28010a80369ef4ece0053c7a530f00af3963c54878e3391400d3ce5411838346e3ce7d067de800ed233d2948ecbcfad00388c061d7d0d2e39029a001c01f853f69dbed40c691fc2452800101fa1a693c71c9a71c60fad003962565c1e6acf2c463b8e4d42aa71c9eb52aa65f71ed401b3611ed5dc41c66b5586e073c91556c94a13e61c0619f5ab4ed924af6a00af93c83d69480a9cfa529ce7249a8cfae738e71f5a006e5ba700f6cd34a95e0f34f24743800f34c6cab819c83dfd2801981b88e94871de9f804e73c1a42bcf06801a7a7e14f208f9b1c1e949d7a9a507ad0035ca8fba39f5a60381ed9a94a1c649e7d299d33c74a000019e38141038f4e69719e290fa05e7d7b5002a85277138c1c52f2402bc8f6a6b60609fc7148090476cf6a004393c8e0d200df7bd3b1a7e3d0500e4f34088c64138eff00a5230c738a9070b93dbad34920fb7bd0030020e3de949dcbcf3cfe940232437af5a7140148e83afbd0034051cb72338c5041278f5a450453c7def6a00616ea1c734bb570307ad290a0608e29b9e83af19a006ed0718a43b8286ed4f1920714a402370cf1eb40111192739f5a7138e47a52e0f4ebfd69319e7eb40c08381d7152a0f9b031c0a8412075ce7fa549bc83f2f6a00f34923f2e42dea71f854918564c8278edfe1566e93070bd3aff009f4aa689b5b71e0fb552d4a6ac5e8c8d9bf19c7406aea066e5b183dc5508255042b0ce7a66a757f9b031927a0aa3335e30d80c8303fcf4ab4a36803d3bd524919542a718ee6af8daca0e7922992cb400488b0e3d49ac6b81939c7d6b45d8ed0067ad509d7e5dac3d6814b62a283b47b1ed4727e51c1340fe7dfb53b041c523226de360c0e9d45452b3b2955efd0539012719e948e84afbfe9401c65e895771c670dc8f43500192376383f87bd751a8a436c864eafb727deb921225cb704e4e7a8a9674c1e848ec15cf96bf281f37b50634605b3920d303623689865cf71de991aba8e49c2fe552592b3b230e817d4f18a99844cd80d8618aa92957200c71d7da9e815323bfad301af1b11e623636f71de9438c8efd8e3bd30ed8894dc3079a72aac6db80c82782280250aec000062a175dc873c376f7a917dce0f7a64c55555b393de802200487729e47e7c538c876aa3aee39ea7ad2c9080c197e5ef4e0b9033d7b7b50031983285236f3c8fa5203f290dce7bf6a25641893b0201fad120f94aa9e17f2a00505413b31b71d29cf1c12a7948db0f5205349c200ca1474c8ef9a8370de48cee031c8e31400f8f2ca1978ebc5420b2b9c9c126a544123054040eb9ec2a6441e6a42ca1b9e9de811d0e8561a8bdc036e3299c800715ebba5d8941e65c13bbae2abf86d238ace38a350871c8ef9ae898aa7cb9e7a62a9917240c1572bef54a6936818c73d294b9ce31c55636e6594066c7ad201f0c658e7a1eb9a6ca841393d0f7ab7180bc039c77a8ae14b3122802c43191181d6a174c120d5c87fd5a83d6ab4e4072c704d00114785c03d79aa72cad1718249f4ad28be74048c1acebb51e6f3df8a0048a49892d29254f4ab70c841dc791fca9aa10c4a3b0e94cde10f1c763401a19ca64743596d2159327822ac4736c3c74a6b6db90c9d38fca80396f137891edaccda01f3371b876af197b859ae0eec9c9e31c57b16aba049728739254f1dfaff004af33d4f41b9d3479ac0839edd281a328c59387381db348cabbc6ee7d314d3212a19c1c9e391510b8dd8057a640268285922cfdfe09f7ab16c368c74c7031e954c873217607a718f7ab714aee549e80f1f850068a28fbd53b39dbd78aaa19b007071d07f8d2956239fd28248e5199871d7b56ac47202a74c71ed59db54bab31248e957114923b5006fdb2ab0551806b5d112318c64d7370c8546076ad7b5b8f30fd29a32a88d071f282a319a438efc668dfd013d697218640a6603403ebde949001207438a4c6493d89eb4719c75a008dfa63b535063bd3f8c907ad3369efdb9a00b284e473c8abe18ba1da769f5acf442155873b855e8b779783d09a606615fde91d8d3f1939cfe74ae36c801ce7b7bd274faff003a67420386c6e3cf7cd2138183da9c49239fa521da3eefe3400000e3776ed4ac48e5698391834a0b018ed9ebe940126738619cf4e2a6230013c7d3fc2aba92848c1e6a572002064918231d68011c03f36739e299d318cf1fad4898dbc91ef4d20676d3008dd7ef1f971d29bd4ee039cd3be4563c6693b0fca80157001f7efef400c572067d7d693dba0a50c40daa781cf1400abd79ed5a11a0d9b8d6728c30c56944329c9a403b8e94d3bc9c678cd2f039ef49f5a0069c81cf1ed4a3ef628cee1b31d7a1a70555e73cf7a007e091e9e94c38eac334aac0e7dba5358824f18a006772a0546cb8207506a4c9030bc5458e48228034d14084b0f4e2aadb3edba560326acc276c19e98aa11c87ed2a50739e6803d46d8931027b8eb436d1d0f35058c84c0b8fc71563920f02b1341fd0e7bd3ba734ce4fad381a0077f3a51473d6971c64d02154f7a7e0d357d69e0500260e70683834fc53680129d4629c31f4a0066334b47028c5001d8e694734dc714a38a0070fe748c0eda5a6b1c0f5a00cd9fe63cf6aa67d3d2ae4fc364f43deaa639e2818ef7a4a3bd19ee6800c7e94b8cf140f6a32bdf3ff00d7a004e9d698c334e3cd35b38fa5004193bb07ad29c52124b525004899ce7deacd5788e0d4ff005a04230ef4cc539b3d2a3e9400d2a45273da94f5e4d18a004f5cd1ec68ed8f5a3de801381ef41e4514500263b503a63de8fe1c51c5002ff5a4eb47238a32075a006e41a3247349d29323b5002861ef4e07351631c1e69ca3bd004d9cae2908c71da8e3ad04e39a0043d2984fbe28273c536980a4f069a40cd29ebc527bd0037d7b52360f14e348c48fa50037b0a4e3bd26727147d7f0a0041da8e7028a39c67a5001953d47341209efcd0d8ce45277c9a006e2a361cf1eb4f2dcf3e94c38eb400949ef473d3b52f19ce7a500281919a463ea68e0ae3bd37a9e7b5001d7a1ef4b800039fce9acd93d3ad29e703d6801a69bdf34ec8e94c3d28013a9a4fd3140a3a9ff001a006f079c7068e718a520e693db140098cfd0d29eb934d6382739fc3d681e99eb400a49a613de9dc9e47614cc8a004391ee693e63f28a5e69338c83d6801307f1a69e4e7a6294e4f349d4d0034f151b2fa7d6a46e39038a6104e68018a703ae0d29e4e3a6693a723b52ed18c8f5a0041c72bce71438c12452e3b8a4c03401183c63ae2949cf207e74bb42034dca9e0fe54008173d3029372ba90bf88a42c324e2818038ed4008707ad308e3775cd3ce08c0a8c9e38e8281810e1c3ae3148e7dba76140e06074a69eb48030d93c0cf41498007bd281df3f76918007fcf5a008dca95c1e39eb5049b7f80e477a748464e7a530000fcd8c1e9400d2c78f7e29cc0678edd6861b9b2071dc520233863f4cf6a004c027f5a691cf6f5c548083c60fe3fd28043648e33da80199c9da3228d80edcfaf7ed4ec6705ba77a0120fcc3af4a6035fe7507a1ce05230da339e87f2a736dc9e7dce29dc28dd8c8c74a008b19c367a75fa52a9518393f5a0c60e083ee6a360cbf74fd0fd6801ed200433703d6903166dc7068ea483f8e7a520d8a3001e7f9d00282b9e3f4a1890338a37823d08a42db971d334008ae40c01f4a4ce3a9a774e32322a3c739079f7a007673d3a0a6ab9009a5249cedef4ac0ed21472474f4a008c36ef9a9467aaf5a52c08f7a6a6ede7b03d2801fc120af0054680e599f823bfd6a4c7d4f1460f24f1ebef480198e4aa76e83f9d331d1973c52820aee1907da839cf19c9e2801d9ce38e473ef4a023292fc127ad379033fa52e7aff77b0a0041fe4d0aac72473f5a381cf7a30721b1dff3a06397690714e2401cd228e4b773de8c9e405a0001465e983fce8518f940ea6971ce3d29c8bdcd004c809fbb53c4b21241edd2a353b06e157adc798e9b7b727eb401bb6cbbe2e01caf6148c79c1eb52c581c038cf5350bed0f9f7c5021a5811824d443939078f5a5620be074e94df978f5a006955ce47e34d200e79fc29f9cf3c1fad049e0119c50319c01ef9a3fce29ca406c30e7b527a8a0043d3078a76495c0c52741f4a4e7a7ad0029dc464f34c1e869f9c1e94c38f7ebd6801c327a714d5c90c0724fe14f1823af14876e2801abcc6739eb8a5cfa9e949fc39247b0a518cfbd00036e69c08cf039a43c7141e31814088dcfeb4cce7ad3c90cd9714d207419c500211f3671f8d0588f7a777f9467033cd301e4b77e9400e3e9475a001b724506801a47a9cd0073ebe98a5391f85228f989ef400a7698c939073cd2019032304f7a7e48ebd3f9d372c7340c8d8edfad09df8ef4e057b8e86902a8073939e6801001938e0014e047ad2039ea29db3ad00701a9216619e00febef552125642879e3ad6adf4523af2c00ed8ef58aaaeb2904d541e85cf72f2e31b8f5eff4ad184a2a8c8fc7bfe159aac15896353ab970a0f201e074aa3234d0a9ce0d6841212b819fc6b377a90028c66ada1e87a91c81eb4c45f07239e955ae86e4c1ec3a8a9e361b4aae71d6a394061861f8d0268c84040e33c74a78cf439e7f4a46255caaf5f7a7025c002918b17760ee07a71f5a9189501c81ec298a9b81c74fd6a4ff0058d93d862811c8eb115e5d4a24c6431e40f6e9f8d67fd9e75500a1518e09eb9f7af406b7503ee907d7de98f691cf13271d29346aaadb43cfe276f34ee5e00c633c13eb50ca27336d8b851d7deb5753b08a07ca336e1c6d078aa4377f1373d2a4e84ee33cb03863d4629f80a403f302383e94bb581dbd437e7f5a2e25f287941495f5a006889a4c8214e17bd43e5b4832f81b3fce29cc0bc6a62e72738ef834a9bc2649c6ee063f9d0036350e77e49cf4cf414af186fbc3afe5f953921231d947231dea556ddc1140155998c8a7a85a4930ac1ce578a91473d28690aa9cf047418cd0034ed700f463d0530895cfcd9001c91db229fe62f026e1c0ce474a73382bf2f27fc6802b1dacbe9839009e01a9d0945da7a75f6269701c1538191e94c12796471bb1c0ed400802b8ce319a7a80b92990719e3a9a0e0c62461f5e6a362430dc42afad0077ba06b50db90262415e08ec335dddbebd6d71b16121f3c1f622bc0c44ec3cd1276e6baef0dde4304e0c9217ed923ad3443563daa46509bd4924fe54d47c819e437f3acc86fd26daa1f209e95b7b2341c703d298844cf7e951cc511b2e783d8d364bb8a143231fbbeb5e5be22f154924863818843c7ca3a7d6936091eac97b0632c719e9f4aceb8d42d59cb21e95e1d36b37c581f3081efdea15d46e3766390e49e73d3f3a5a9563e82b5bd898609c8f6f4aab732a3cb84079e86bc7ad7c47776ca15dcb7fba6bb1d0f5f8ee1c4b23e79fbbe8451a858f458d4245b4f5e845569b05f60fc6ac5b5c24c9c8cf7155a4dc642475aa24ad799f2c153c7a7ad52b69caccaa79cd36595e49d976fcabc1f735977d38b180caa7e6c700d203bf85a0910938c8ebed5e43e37be88dc9b646dc3af1ef5553c6170b0e0478639cf3fad71f7b793de5d34afc12739348a4562599d77034d970071fc479a012cc3b9ed4e9b7019c649e053188a4c672bebd7d29d146eca777cbbbbd46eea1171927029f9208e7231dbb5005fca9c2af007eb521018609c63a1aa4bb831c722adab06e3a83cd04818d1594862727bd5b5dcbc01f2f5cd420e1837503b53c319001d31401651fa8ad8b3658f0d585f331e0d48b2382403c7ad026ae8eac5d264e003ed56172547707bd7310b167f5e83fc6ba584300ab9e053473ce36149ce40ed4d3c8fe63de940e58b1c06e8297722290bd7a6699047953c2fe1e99f7a5c9e4ff007b14857e5c01dfa53723772703af14016e2185e0e79e87d2b4214dcac0003159883a73d2b52df95c13c63f5a60674e1838cf718151e4e368a96f0112ee3d3a545f4a6742d83a10077a4cb73f2fff005e94eec629a48cf7c8e680173d79a69527a751d334bc63af4e714bcb60b019a00690eaf91d3bfbd4cbb59411de984161b79e3ad4806c40003834c04ddb739fa7b51ce063a7ad2b6401cf5a6f6c76a000719e3a519f5a300f2075f7fe941cf4fc4d0020618e452e075c7d29475a4232723a5003bbf5ad28d498f359809ea2ac42e4e403c5202d1ebea314b4de7ad480f1d6801bce7f4a43d33ebc53cf4a663ae28000bf373e94a78fc6938c8ee69c2802200e2abc9918eb83564e5f23a0155dc03f2faf02802da1cc7c9e9d05568cff00a4803a647eb53a642e40c91f95550764eb8eb9cf1401e9da6061060e33d08ab63d1aa86932abc3924e4718f4ad1ed58b341cbc1a4e9467b528200a0078a523b520e29dd28000714b9e314de49a4240a0458dc3b546727a74a6e693268024504538e40cd22b0ef526e1f5a008baf4a5148461b028edcd000c71429cd21e7ad2d003f8a69e7b5380e29ad40146e3d076aa3c6702af4e719154f8a0637ad18a70c525002e68e48a69fad3b76062801a47af5a6b7435260139a8db91c50056239a438ed41ce79a53c0a009223ed563b5431f1f354c0e47bd003588a693f8d388e79a61e6810da0d2d2107d68013ad253b000a4eb4c0420752714dfa739a7633df14dfe5400bd49c52714bcf5a6d2017a9e38a4229c29782738e6802334d34f236d32801319c7d69e3ad2014fa602e78a6b74a53ef4500478fd68e7a1a7537df3400d3c1a4a71e94dc0fc680034c279a71273c75a8f3e9c500275a71e690727d28fa1a005e723bd2fb76a4a4edf5a0008c74a6fb53fa9a68527a1a006127a8c546403c5498a63647f5a006e7279a5c1eb40381ef49d703b500071d7fc8a6e0fad29e3ad2f03b66801a46066957a73c669b925b9e94e0b9fe9400d22a36a998771509fc28001cf02908e0e79a1786eb4bc91c50026d3d29bceddc3e51de9c4920e0e3148304ee3927f4a005c656a3c639a793ce29a450031b00e29a7a1e453c9a6b1cf4ed400ce00e69b8c9e06053b209fa51c75fcfe94009803a52617ad1ee6939a000814d23b538027273d29bfc586e2818ce7a714bb69b91918a763bfad021a463814c070307d69e0e580f5a8df39f5a006b1e327b526783dbe949c53b28c307a8ec6802220b0ebc7b52762a7bf5a782181e7a714d39cf34007d6984f7a539c71413c60f340c6e3b1a4391cf5a6a70493de9e3a5201a01cd35f09934eedc75ed55d9f73007a66801a48c8c77a60047e3fca9f8e707819c014c03e52dd3d2801e3f322a370cc7a8e6a41bb68cfa534f52074ec6801aca15703920e68cf4038f5a6927d7ad1919e2801e7ef63a9f4a4e87383f5a32460f52294f5f9863bd30100e71de9bb496cb126a5c1c6d27ad46382c4f4e31400d6208c3707da9bd17dbb548c0904533193f4a006163f768018afb1a36961f37ae69f9ea3a01cd002119ed82281c9faf5c520241c1ef4a011919ed400cd8493b4d26e6e01e78a7818e808c533181b80e050026171cfd07b54bd7f1eb8a8c0230e3bf34a5b032a3bf1ff00d7a0061248383c51e981cd3bbe319a6f4e3bfb50029182474f5a474dc723a0ec693a77e7bfe35212a40c75ee290098639fd6970dc11c0e3af4a400ff005a18b1c60727d2801bb0479639ce7f3a5db93f371c7e952863d0f5f7e6918ee233c7618a00615db9c8a5db93803a8e94a149c60e7148a41e08c67d39340c5c951c7d68c9e33cd0477a390401e9de8017b7d2a44c138a45ef9fc29eb93c0eb401380a57677eb5ada746a5820e98cd626de739c9aea74b8911338c9c75a00bce10260fe7eb54dfe6209fc3daac4b9dc476c700557e878eb8e940888fafa7e55193ceef4e6a46e46dc75a8f6fae68014b0ebcf5cfe3403b93a7149431047ca7a50314003f0a6b75c52b15cf1d0500e473d2801b9239ef431248268209e474a5fa77a000e33c51b88e9de90fa77a5eb83400808007bf414e38ef41507af34d3ea7a5003580e18f407a520cb1e7d69ea0648c67eb4c652a7d7dbd28017e62db579342e0f5a0128411d451d79c1e681083e6e7a8151a8047d3f5a7b0c0e38c526d07db140064e29005fc294f278ed4631db9a006f273c714107b7e74bdb1498e3fa50029c9e4d1819f5fa51819f7349ec28003d29bc9fbb4b839c1e94a7839ef400cc7393de9719e052960abcf7348473cd0311486241e08a9723e951f19cd4a08c76c9ed401c64a5c43be6e18f4cd61bb7ce5bbd759ae5a470c7cb865c571f2b26011da9c6362a52e62d82a446557a77fad5c88018038e73ef9aa119df1fc878fe556949e037a753eb56432f025a40d8e2aea92c1bfd9feb5523762986e9ebef56e221704752391e9408b56e4b298cfa8e69ef900afa53623b5cb54cdf303da8118327129efbba54a23c28da49ed8a92441b8b01c535b246de9efeb4183438498242f1fe22a8de6a022208386e848a49e568577313802b949e60cc7393938fa526cb842e76f1df0287278ec7d6ae6dfdd97460411fad79ec17ed1b842770cfe55dbc5309220221c8a2e29c2c73ba9e598e07cddf358e0c722fce083fd6b6753825c974240c64fad6320dbcb1c0ebcd23786c3d8a82beddfbfd2a28a425b2ff77bfbd4723052028273c9a903a0c67a9e80f4148b147c991d33c7d291e30a03be400785a6feeddfd40fe75219369523273ebd31400c0ec46d3c8f4a59245452c54e3b7b54258ac859872dd054a195d0990600edd6802a44f8058138ce2a4693e727be3a7b7ad49fb9d9f20c63a5208f90a9824f53400d00b0c9e73d0d38ab6d2a79dbd3a0eb4fda506074f4f4a4618f9b1400cdaa3253278e41fe5516e523cc20f2303daac064c00bb89ee7ff00ad48ff007463b71c7bd005471955f28639f989a988dadf31ce7a03481c711b7cd8e7eb434911c363853819e680111c8611636ef3938a4563139272be8476c7ad01a2c6fda477ce28255d4ec3824639eb408ebb41d4253711a6fce3f2af64b4632c60b641c679e45784f87c8fb67958c74e738fcabdeac4e74e04f040ebee2aba12ce1bc6ba8476511453f7f03d71eb5e4665f3176ce3e51d315daf8aa6f3af3e6382a3907deb8808a8fbcfdd1d4548d0d04b651b2c01e0fad5b5ca284ce727d7a55785886240dd9e41fa76a7afef4907e5079f4a0a16408a738ee3a7f2a962b892cdfce88fcd9c8038cd579641bf18c7ad347b648f7ed401ea1a3f89bccc2bb153c0c7bd7a15848d70bbdff8bb57cf9a7ced6f740b37dee17d335ee7a05d6cb70b2119db9c9ed4d221e849a9b0841923e71c9af18d5f5f9ef736ea9b53763dce3debd635ab85684b27400e7debc3aecac92f931b639f5a06888cc400475f7a723c929e178ef9a64e92248071f5f6a9a05cc7f30c7340c372f5032477f7a70dd21cbe781fad3b00e00a424e0e28019e41c8603e94d2598ed5e369e4639356958fcbb8e4fb54a144809ee3ad00544639dbcfbd5e810eddc4e07a566c7118cb0624ff00f5eb5210420de08c1efde8116f6e171d78a400f5c529639c9e0f7fa1a40430e39fad21084ede41ce38c0a9578508dc77e2a308557245382c631d7af5a00dad3edb7482561f2e7205740e3e6c115956922a26de80f7eff4ad20db8640c93e9548c27b8e3961b0f3e99a0862707823d2b3eeeebcb038fad322b9c2655cf3d075a6458b8d83ce71cd0003927b5451dca30cf1537de5071ee2989a1ca4b1cc638cd6c5aaa8ce7b8c67d2b2e338e715ab62006da41e79a0452bc015839279eb5586075e957f5255c83d8567a953cf6a66f1d8075c8e7d2930c4ee3cfe15230c703a5371d8f1c5031001c9ce71d28073d7afa528e467f1fc28181d7ad002e3760e7eb4ff00ba3039f7a8e3cb6e07f3a9510e719e0d30180e47dda79c03c8cb521ca93827f1a09ce33400983d29e57349838c8a741839ddda802bb86c601cfb5397a7afa5472b7ef76a8c0c54ebf7738a004c0e3d8d5a85536ee6cd55079ce3a55d8f6ec18e828026507a1ed40c0ef485b0369e3e9474cfb5201dfd2931c739a8e49550e0f19ff3cd2a3061b81e05003fe5cd2fa9f4a0edefde908e326801a718e2aab86ea0e2ad3e36e5473558b60ed3ce7bd00588db309cf5aa646195875cf1568101091cd5662720e2803d17490ff66527bd6c7cdd056468cced6c157ee81d6b5f923d2b27b9680fbd039e6839dd498c73486480f3914edd51034a0d003c9f4a6e79a339a518ef4085cd3875c0a68f7a7a9c1a005db4e0481c76a406824f51400bc9a420e3daa319cf3528e680131dcd2fd69714a3ad003c038a63e454991de91ba67f4a00cbb81835501cd5bba3938e98aa9eff00ad0014520cf4ef436050313752e47ad3092452e6801cbb870691b38c9e0503934846178a00aa783f5a427078e7d286ebf4a5ee00a009d78181cd48a73c7a545522e075a005cf3b69869f9e477a61e79a0421e39a420114ea6e69807d693ad2fd7d293dc5002124f5a6f7e69c69391cd003474ff1a701eb483d28c50014bdf1470294f6a006134ca71e0f4a4fad00380e314b9a6f6c52d002d04f147238348791400ce4f1eb49da97dba536800ea693be683d68cfad002331ef5093c601a98fbf5a61404fbd003013d33f8d380cf3e9d298d95ff1a941fd6801bc86f6a4e99a4e5dbda9c7dbbd00276e680483e9499cf029a7a60d0029eb83511c678a79ce79e69b818f6a006f5e283934bdf8a39e87ad00379fca8a71cd34f4a004c53c5301a7f7f4a007aed0855bf0aaadb73c55a6008c553600374fa50020e78a7640a41d38eb49fd2801c5874a68183c52fb51da8013b0a6746f5a7e3b0a69e06075a0043c673daa2c1239ed4ec1e33c9a69c2fb50007ef15fc6a36214ed3c7a53c9fd69bbb3d707d0d0034363a0a0fcd82297da902f3d7da8014e36e2a37c76eb5202030cf6a849e491f51400d1c71526091f4a60c1ea6a453919a0634f0bc71c5236026e24645292339a630078ed4088f81ce39a0919c900e7f9528ddf74fe749918c11cf6a0061c0381c7f5a463b978e0d38804e07e14dc1ed400ce7a7e34d2548183cd3d801d7bf4a8db0074fc28180f4ef4a47e94de7aed3c8e683b78c373eb400d2d8c6de09a8490c76b7ca47422a5739e299f2e32dc91480615da369e4f5f7a401793dbb52e73caf3f5ef4c0eb9e3b76a0093039a637e269a5c9ebc0f6a69273951c50021ce4d039ebd2985b8c9a95718ce734c070e464526ddc3209a5c7451db9a7019a0069040cd267239eb4ac3e5c3d46482d9381f5a00189539078ef4ad9551834dc02777a526d24820fd4d003416ce40ce29e4100330f6e29bb006e39a716ec0fd7da80220c59b8e31c54c768a8f23ef1c66a418c1607a500324040047e94ce705d7b1e6a6ea31919f4a6e4f2323fcf7a008f000dc793d85276a7b15ce7a718e29303705f5a0069c31dca300f14df987cc38c53d891924e307b5277e463e94806f624739347cb9e3008a76de481da93686ff000a006f3d0f7ab219550e31935115e7af34a84e304f43d68014fa7e34dfa74eb41e9e99e98a4201ea4e0753400a4139cd21c60301c8a7771fa5214774e38c73ff00d6a062a825379e33d39a5196c67f4a6e491c9fff0055483e62476e8280106d5192719a971d89c1c545c7719c1a976ee202f7ef4012a1e003c8f5ae96c98800200401935cfc51b3b850413d07a62baab785d220e7002fa773408748c0600ef558e31f8d389258f19a631dc79eb400c26a3e0f5a958f15176e0d00084679e94d3b72429c67d2971dfb537a1041a00423248271ec69463f0a43ea3bd28385e4640a062e0f4cf5e94982473c54b9208f4349b4724f5a008bfad293d39a521437cf9c76f7a3058e7d2800c9038a6e0724f7fe74be947438a0068f97381c528e7951924d28623ee8e0538e4919e280236423049273483ef0520e3d6a4eb906a3dc5464738eb4085c03c67b9a6fca7181d78e3a538a81ec3d7eb48588e074e9400291d0f19a0e01a4c7193d3f9d35ce4f1c0ef400bf2d30e3a8a51d30697691c5002e093ed4d031c504738a5c7180680007f3a42791de932714a30bc1e4d030349c1ed8a53d79a4c73d2801338193daa41b0819e29a00ce68f94e08a00c4d658057cf41eb5c3792cf26037cb9fcabd0f51f2e607bee1f9570d223248429e335a128585021da0631dbfad5c1cf2381ed55d3e47c0fc8d5c8b2725b183d45032c44e0e00e0e79ff001ad08f20f4e95463c019518c9efdff000ad153bf047e22811381c9ed4f64dcbc73fca845047cdd6a45561e868118f70de5300e297e7d8198e41a5b8ce72fc8ef502a6dfba70a7a8f4a0ca5b946fdcf978e49f4cd7232ed2e541fad75da98cc6563ebea7a62b9431112977207a0a9669488238d2171227209e6bb7d26e78c1c61bae7d2b8adc769c60e3f87dab5b4d95a360c460631f4a45c95d1da3d9a4ea59783d7079e2b9bbfb131c8c08e9c835d0c57d126d049391fe7354750bb8b04e319141942e99ca3aecf954e7fa542482786e9e953c92066249e7b7f5aae02c649ea1bf4a0e80daab973c0f6a5658b81265863b52bae50e0e47b52636a0c6338e4d00420a92aa41dc4609a690a1580ce7a1f6a9f2236dc4827afd29a14ac8c3230413cd004688acaaab9271c1f7a5dcb18300c02fc67de9cabb0824f03a7a50e46cdea3f799e9fd68019e59c3292493c00688a2c9207de1d49fe552b36f05140040ebef4d20e439e076a0042c0364e73dbdaa431b6c6567c961c7ad3262a87904291f7bd7daa1c93f3b838cf18a00573ba2f9304f4a8542b3b47939c71e952caa146538dc40cf6a89772cc1fb1eb9ef4008cb210a49c0073f2fad27ef072a0127ad48db940c118ea4819fc2977a83938271401a1a47fc7d46e40c7527fa57be69f20fb2100f040c7d7dabe7e825fb3bab38e48fd6bd3745d664bb5581546df5cf53fd29dc966078be258e4078c1ee2bcf1887c0ce4135ea9e2bb65f23cd707e52391efd2bccdf609084e31d7d38a4084e627cb2923d8d48f82e8abfc4783fae29a992a7776f5a7215914b9e3fba076a0a1cc493c9039a6b003b8c7f5a47651f231c13cd31a30c431c8cf6a007472c917cd8cb03c1c74af4af0b497179b54bf000dd9ef5e62fbb040e71d2bd37c1ce30bec324fd2a9132476fae5bac5a7ec0392a715e0b388d2ed98a639af75f12dfc11d896279da31ea2bc1e49fcd95e4ce72739a4081d931851cfbd1b9b7673c74f7a6b2b96e0718e6a23ce09041cf3eb414582ec1c0c7cbec7934e72460e303bd43b94f05b1c11c77a9d41623271c77a044c9b4e598676fa7bd5c043fca00ce2ab131b640e73d714f572bd3a7afd2810f688718a7292b85639e78cd4824240c75aaef1b48d9032473f5a009cbb30ebdea4dc38c71f877a6614119c8cd3821dd97183d78fe54842e1f7038e01f5a7a28e770cf38a6e58e4b71528c84033f35004f049246c40031d6aeadf955cf23b6074358cce1738fc4520773ce47e14c4d265db8baf324ce7af001f4aa324eea3393cf3f8fa52372ac463f1f4a86407a1e4e3afff005a8048d2b5bb998fcfd491f2f6ae9c112280dc11cf06b83b79de160aa09cfa7ff5ebb2b1cb46247ebdfda9a32aaada9ab9cfcc7a1ad5b4653203592ac15b0d8e6b56d301860fe3546286ea484286c75acce00c115b3a882cb8158e0f1cf38a66d1d85319da48a8c824ede3e9529938a8f19625b926828790c090dc9ed4dcf395a5391cf71d293d01a00438ce4f43534607b7d2a06ed9a9015c8d9c0a60484e79cf34d200cd3980edd69868013a8e7f2a963750093d476a8c64e4f61eb4d00ed2d9e7de801a4067271f8d4d9cae0d46a4725862a6fe11cd004638f635761e991d7d2aa035622650c17b50058239e7f2a4c8c0f4a56cf5a5c01480cf954b38fe7571030005214c9e29ea590f1c1a007607e54fc8c66a2ea29c3eee3d28010e33555f693c5596f5a81f20e7b5004ca3e5fa8aa8c0ef0a6a650e412bc66a271ba5c93401e85a2e7ece180e831ffd7adbc77626b0f41cf93e83b1fe95bb8aca5b96869201e683ed4d614ddd814863c9a72824034cebd7a53be9f9d002fa62941e79a4e320d2f0393400f229467b537a74e9520c50217e9484d28c518cd00459352a9f4a89860e281d722802707b53c6054238a7f5eb40128c535fa71400450d82314018f73feb33daa0a9ee71bb03f2aab92c6818fdd4cc6681450028f4ef47d45147340067de86dd8fad029c4f727ad00526fbdc500f38a73852718ef51af53da802ce78eb4f5247bd354f6c75a4079e38c5022427d2939c52953d6820f71400c34de6a43c74a4efeb4c04cf18349fd69d8e3d4d37af4a0061e293e9da94839e69319e9400bc639a7023f1a6e052f5340064e08a46c8e3bd07a7bfa530f1ef4001c75a41eb46483c52007ad00385276a3ad21a007678a53cf4a68a53c8a0061a424e3eb4a7f5a6fb1a003be290e7383cd19ed4de3d68003499cf3f8d2e29a48ce39a00538e87bf4a3bd3380002734e24f434006ef4a09cd040232690673cd0020fd286e282c3a0a69c8e01e28013a75a6f6ce697eb49c63140074a68f51cd29cfd693008c5000a78068c0c7d29781fa537eb400cce29fc67d69b8e3239a5539381400e624af1c5576218f041e6a69532bcf155b38e3d2801ddf9e697dcd203d8514008c79e9413eb4de7d69063ad003ce01c53493e9c7bd21ed9a4c9073dfd68013058fad18db9cd394f391de909cfb500479a61ddf747eb4a68ce473400839a7719f5148060d213c91d714001e3e63d0544dcf41d297a9e4f07b5275181d050313685393de9ff00d7d2987069c327f0a007e0ed07a8aaec540c75a767b0e94d2bcd0037048e68ce28ed8a8d98838ec6810e240a8c2fcbc52127230783eb4a3af1400630b8ed4840ce4f340cd277241a0090e3eb50b0c723f114e233c67b53700727af6a0084918ce38a8cb1a91c9c73f4a8b34862f23271c530a9049239346033014f6085028278f5a008718e0d07eb5263fbd4ddbc50040c015c0352a74fa538aa8e714ab9c61319a005e0714c72c3ee9c5358f3d28231807b8a602317da59b9e69426e1d73403b46dc6452720edf6fce800391c9ec69473cf5a4ddb867b519ec28017b67d7b1a6fdd196ebef4a32464f5a69c0ebc76a008c9218f0306a419619fc062a33c9fa548064601e3b6281087686e7a8a43dd88eb4a0f18e3d2907a9e3eb40c0f1d49e291d770560718e69ddf83cf514ddcdebc5002282a0fbf3eb4df98f207268caaa9278a70209c520117701c8c927031411b5b038c53875e0e0fad330718273f5a0039f5fc29c8a76640fad3570c47a807ad4983d3f4a006e17ae3d283f3fca4f5e69fb727dbf9521c2f2307de80058cbae49c0ce29a0950411d0f148065401c8ebf8d2b8c1c2fa74a004232436307d6a4278e3ad439e77123daa60df2ed03afe7400a31b481eb5205017681dea3c29521baf6feb53a7cfc60e074fc281976d00dc0fdd1d335d2a29585631c9ac3b284348189e05747bcf960fdde318a0451e9907834c73b5723bd4ac3924d42d9c6077a008c93d0d37f0eb4ec75c7d6908e339cd00346d6c1ed4ac9f2e41e47ad38020118cf34a393e99a00af862c41e31da9e383ec29c530f9ce73da948c0f6a062a9cb1fe548580233f9521f5fd6908da79e48a0053d4e3ad26327dbd29b92e32052f3d68000707834b8192c7a9a4e9d45031cfbd021bbbb0a5dafbfae1a85046429a08607e6a00147cc448727da94b64f1d01ea6931d31d0d1dc83f5a004c06209cf1d695ba0e3814018ef8a51f77de801381d6a224bf0a3029dd7de84cb646319a008db2a783c53d4e7e62694824714830b8c8a004cb11c0cf7349d06491f4a7b6eeaa38a3ef0c1edd28018793c527192450149e0f6a182f39e2801719e94b8f5a071cd1c11e940c3200c9ef4d0771c0e38ef499f5a403277500559a08c41b10104f7272727bd70b7914a9386ea01aefa78cbc792df5f7ae175598c0eaa3bf5ad094363753f3018ab319380ddcd53421c640c002a78da31cab723f5a0669c2400188e2b4239013b7be3ad67200002071efeb57220ca060502668271922ac260f4ea3ae6ab46432f4e054e839e473408cebe53c918c0e2b316467f95b031d88ad6bc46653d3207f3ac53840771c103148ca5b94efae519446bf424ff008573f74f103b23e40fbdc720d4d7466fb4b38c152093ebc565462591a573c7180a7f9d266d08d87f9aa0ee75233e9dea78dd7611bf03a83500e57e63c1fc334792cf82a32b8e7b0a459a292c80a90d9c75a57b896594873cae00aa08b22a80303775ebc7b55a560edf31c103af4a006c81cb8c907b12282a165c73b4f3cd2f21485393d69b220788824e4f5a00618f9cc64819248f5a785d8b903dce7bd0a1563072702a3590bfdc2718c9efd290c47f9b040073d29c515e45f301200a1d55977f23d7d29dbd17697ce3b01401093c9db9c75a092033275a02a658818c9ce0f4fad488a7b67fc453019b400656249e98a9c90aa4804e074a88f05612dc7f0f7c53e5830412795e41cd02220c594061cf6c7f4a59646119c1db83d3d6962fdd91dc8e7eb504a5e47dcb8c6739c74140064ba0438cd461814d872a7f3a604059c1e48f9867d0d4aab12111b9393c9c7b50301fbb5d801c6381de950317ca8c0ea7eb523920153edd7ae3daa1f371b8c9c0e9c5004bb7e52e1c127b7bd75fe119763b249c107afd6b8d0984f907deea7b5741e1e93caba2c4839c119e8714c4cf4df135b17d3d86dcf4e95e16db52568892496e95f43deb0bcd2c6cfbd8383e9c5784ea502ade48a4027a003fad0c9832a70dc6320753524602a6d03bf39a85832b0e3e51d2ac6e5e8070691a11bc59c92377afad439955b20e5476a9f2f924e31d8557762ac71df91f5a0046936ee0c739fd2bd23c18cadb17381df15e72433a6e6e38e4d7a1781c862aac704e7f3cf5a68996c743e2e55484e318c115e3e2d9918aa3f04e71d6bd87c5ca5a02a08e7919af1f999a32c54f53fa5028ec3829424c8c4fd298cd919fe7eb4c47de0923a5221c1cbe3d85050e18618cf23afb54b1a83c83903afad57001dc19704f71dea4841001a045a5c6739e2a64017a71518eb93807ad4c54e76a9c8238c7bd0210492861b71c9e6b42261f780c64f35412111e33c92702aea12319e8681129f97728e714d009057a71da9f824e49ebeb50b8918955e9ebd8d003fe6239140059b69c74eb4c5591791d33cd2302cb9edde801f24ab26370db8e33eb43290304f4ef51edde324e3ebeb4f039f9b9f6a40425994e1ced5cf02985b2dbc751de9ec7711900fd69de5acac15b80714c02d2169e744c606739aeda08fca8f6f4f63552c6da08d065704f3f4abeea55c91d07534d185495c99003d707e95a966c0385c715908e9cfaff004ad6b321a40ab907ae6acc8b9a88616e1e31c8e00c573ca4e39eb5d3df822dc374c773d4d72f903e8683686c4847007bd2f23f1a4c02728697d3be28280719c7e94d1b5871c1f7a7671cfb76a6fbfad00059b912734f8fb719c7a5347420d2c63a9a0071c1cfafbd21fbd814ec63af14cce0638a600493e9f43416c804743c0a32076a18a8e830075a006723a75a976b15c90718e4d277a09623e62703d280141272476a92224918e3d6a1017192793c7353458dc00e314017ba503a714a39e05201d73c5200e7b5031e9cd05b6934373838a0000069463bd3719c8a76d23826800603e954e4f9bbd5c7e39aab27f794f22802489d402076aaac7e7c01dea4470460f5a8d8e5b9e31401e83a113f66fa9cd6f139ac0d0d81b7c75cd6f90474e71594b72d0d3fe4546002738a938efda8232bec79a43023d7a528c9efc5347a1340e2801d4b482945003a9e2994f06810b4fc76a677e6a403bd0033b734807352629bd2801b520e9cd46c71d2941340138a6c9f77029ca41fad0d40191720b618e3d2a9e3e9576e300e0f7e6ab639e79a0067bd2700f34f0327148579e2818defcd2f5e9de9db4e714ec0c50030e298c401834f278aaf21c9c9ed400c62371a6ae72314d39ea29e9d73eb4016b8c7ad03b8f4a68e39a53ea39f5a043860f5ef4bc0c8efeb410bee683cf4e2980a319e79ed4d2a074a5068e41a006f4e7bd230a77bd34e40cd00348cf347f4a5a3fcf3400df7a67029c7afa5203839140074eb519f71cd3cf5cfad34d002014a7d4d2751c519a0029338ed4ef5a4a00713c5329b4a4d002f6a61e94e2cc79c60530e322801b8a0f1d6978a43c7268013be7d2908fce94e33934d23dce680140a434e041a47e983400de38cd04e00ee68e318a4c83d3f3a006f4e3bfe9499f5a52077a4feb4001cd27d2824e36e29809c9a00774ebde932290e4f5a4edcd0029a69a5fe749db1400649393d29297923140cfd2800672c0e7815063b8ef52b1ce722a3031da801319a0f270294f1ef4dce0640c9cd0021041c53828079e94e620be4734849c75a004662781c5291b979a4e719a4c919c8a0018af61d2a33cf02839a4fe9401193c8fad379e829e471e9518e4503053ce7bf6a730c8cb734004f4a46201f5ed4088c6719a08349bb1ce2937e474ed400bc52f5ebde9b9a5e3a1a06318e785a600578ce39cd49f4e699c914001e6a06041a9b38a88bef18c018a0427007bd28cf6a4e3d69016070bc67ad001d78141a5390003834dce08c5002e7278a631c0ce739a79ebc544e73c76a0080e4ff00f5a93e9521c11cf5a6e00e00a431a01cf602940c139a0e06734e0014a006821b91d474a69fa53be6071513364ed068024fad46580257a1a40c430dc78ef8a590a91ea7b50035541cf39a7f965873d475a60c75ee2a4dc40e0d3023fbbc93483ef64f3f5a7051d4d04f3f4a008ce73814a4638cfe38a7678cf7a4391c500283c5349c6726937609f6a6a96fe2fc2810e504125f8fe549bb820734c000e30726978c8c74238a000a7c9b87ad0ae4fca71cd23162b8cfe1521c81b781fca8189839e4e01f4a68c8196f5a37b00ca39fc2948e9bcfd2801a371186ea7f953f693923d3a520386c9ee2862464af7a4046304e5b8ed4e40377ce015a7b72b9c7502999c1e3bfe9400f2403b579a6313d3b9a71036e46770a6af270383401181d581fafa54bd4afa5380c0f5a8ba9ca8c0a007ac641ca9cfb7a9a6b12482783eb430c67b11c52618703a7bf6a0070e9c63a75a78e4f34d4c703d2a71b4819eb40080773e952a64700f5a6019191d0d3a321d88a00dcb15ddcf423f4ad52a7a03d07159d65804678f5fc6b4f3f360d0056391ef5192194e6a56c8270298e0819a008ff00dea368cf1da8dc38dc2a4c6706801801270a3f1a43cfad3f1805893f8521c91d73400c0b853839cd3d47c8771cd2a63a01f8d2b63b50037a0a69385e064e694938c9e29872063a66800d8bf793209ed4c2369e7f2a7e07f8518392e79c761400cc9e00ef475e948accd9cf3c734ea00404af34e24c98ec29bd38a5009e9da801ff0029e29a769e68e29878fa1a0053d38ed4819429cf5a307b734bb598fdde3afd280231c1e7b77a33e94a549eb4a471b383400ded475200a4f97ef76a461ce39e79a001b2c706804f34d3927ae78ef48074cf38a0076e1cf6a60652703a52b11cf6a40b820af4140129c1181da9a738c63146491d3148482bf4a004dc73eb4a5b1d38cd46491f351b81ea680218d8bc5961803f2ae435a8c93b9864e7a0e95ddca5c7dfae3b56c162dc12bc8ad048c1dc597728ebc62af5bae482dc05e2a946e245dcb819357e3c6ce0800718a066944c54146e40aba859064d5185893839c918cff5abbf370a4f4140996519b3f2739eb56d4b11803f13549325c107f0ab8a48cede6992539c7991b0e7d7f2ac270e4952781d456edd17546db91ec3a9cd61cab23499e8474cd4b259cdea313a0de4f00f38f4ac25695e72e01c0fbbfe7e95dadf2b6dde9819ebe807ad730d134444898f7f6f4fad2358ea8ac006757dbb801f76a7594c71e718527a0a8712bb19958120f18e2ac6cdcb9c86079e3b1a451234807cc72bce47b934ec338c13d7b9a83e62396ce3a7b53e4215d5661d79c9a009b763f74a390393eb4c1bb6947f4a4762aa5c75a4124a40098e71cd0327568d97cb38000e6a35318ca2e323a5218d890339e724d2b950727839eb8ed48432713380a873c8e2a5f2f7a7ef003c74a864778db209d8c3d3a7bd30488c4aa03c0ebf5a00b04938257017f9522b007e53b7d411eb512cbd5572d85c8f5a1255fbc0f07ae7b530176aafdf6c1e98ef4f764cf0dcf5fad46ca0e1dc8201fe74bb006000000e9400c124724648521b38e7daa151e50da463b9fad4eed21721013f8f1ef50c870e70d9e071e868002e9232bc631ea053412c70e30c0f029cb87048c83d3af7a03b46c1768340c6194f9982bc77a648bbdbcb03683ed536f0cc429cf3e94aa495cf73e9400d58de341839271c7b7f8d5bb3748ef118fca3d7b557cf96393914e948925465f948eb8ef9a047b8e9b27da2c7e51db15e45af422df51931cefe40e98af51f0d313605547f08cfae6bcf7c59014d4bce45041ebe9c53263b9c90767c96ab7bf0300706a376f35071f3018c8ef50447e6080e197d6916593d79ec3f3aaf22961951923a55c932cf85031551946ff94f14011b2ccd17cc392783e95def8277473849181c1c0f6ae1a362aecc39feb5dc7830979549e0673faf4a6852d8eb3c5b95b7f31790b9e7ea2bc6082884b827b66bd8fc60c16d8ac80ec61dabc7de272c5b76148e052ea28ec36246126d6c0c82453c2e0f5e29a772ae6461c70314d662015dbc633f5a65127de04f4ed4e1b988cd42195be53f283d315333088e4367b73d2801ceb9e9d2ac86200da3db8aa8b8626a58db7f4a045b42cca17d2adf2c006ebedd2aa20e73900558460460f14124a7a0507eb4e0fbc10381d71402bc738ec6a36c1f980c11e9400f0adb4b17246298a36f0bdfd29499109527af6c76a320f27a0a000903a9ebc7e34060176e734c908c8db9c824fe74cc01d0e4e3193480323712a4ed342cc3395e31d7de8ce08e71c55762189507383da981bf0ea9b53048c0f4ace9f59b89a52a8081deb2f62b46437ca7b9a744a0b0446c67da8b8b951d0e9b717134b82d91e95dc5abc8c55b383d2b95d1ac5225133372dd07f3aebadb86c741d8d5a39e7b9d15d4624b323af1c572230495c715dbc8a1ac0eeea57b570a80c44a939e6997024007005230209fcf2294152093487a60505880e0eeefeb4ec8073d334dce718a4c9c9cf6f4a0448e013c7e94ab8000ea6a3ce29d90476a009582e39ed511c01c1a5ce738e68c8e83b53001e9dcd2648ef49950769a5c763d280136f3cd2fb1eb42e327278f4a683ffeba007b27c992053edf76467ad44093c1391daa7807cd8ef40178e31b45354374f4f5a560a80679cf4a5cf1c5201bb7a96e280dc67b5211dcd3b3c7340098c919ef4ec6381ce2906186450401c9a006be7ae6abbfa1ef560f4c557707383da801b18c9c524a8cae140eb52c04ab92b449c37707b7e3401dc6820ac5b1f83d6b7cf3cf4ac0d073e572727bd6ff004e9594b72d08690529cd27007d290c33eb466906734ec62800e4d3873d29b9ec69c07e9400ec714ec629051400f14ffe1cd46a78c53fa75a043ba51daa3f73464818a0071f7a29334e1400f5143520a18f14019b77f7ff000aa8338ab5727919aabb867f4a061d297814dce0e0fe7467b1a007679e690938a664e78a527231400d63d6a07e69efeb50f24e7d680184104714f427bd30f2734f5a00b3c74a518e9483f9d28c0a621e3d49a4a4ebf853b07ad0003d2839ebe9471f953850046467e94df4a7914dc739a004349839eb4a7ae452fbd0046412739a69cf4ed521e84fa53303f2a006b640a68e69cc7d7ad328014d1494b8a0053ed49474e0502801a693da94e7b714de9cd002e707ad348f4e94631cd2e6801bfad21521738e4d3b0cbd48a4c9cfb50034e3039e3d69b9e687033f2d37d31400bc609cf4a33cf3460fe1487be3bd001c0041a6e78e3a507afbfbd27270477a004ce052b1c1c67f0a5181ebec293d8fd680187b5276a427f4a0f001f4a005c669a38f734edc4f269b8ed4008320507f0347d697b62800a074a4efc75a53c7028018d51f4e94f76cf4e053548e8d40084527538a5c76fd690fa8ef400b9c73484fa527fbdc9ef4dce30beb400a718a324f5a69c02714500485462a120e734ecf148c4d0318d9033f8629838ea79a71e7a53491d7a5001dbeb4d6e7814ee3ad31b7741d28019c1e9d68e7bfe34375c1c034defc5003b34127b8a4fad19033ed400a49e99a889e289091820526405c63241ebed4085cee031fad3492015e3d682c3b76e6987da80132719a4e9d7f4a5e9c70714da0043d719eb4a01c714123bd3464f4a0053fdd3d6987da8c90d9a4241e452190b30dc7d29723ef5076818c668e8777f3a004523765bbf5f6a6fcca719e0f4a71c9e7d3d290f5c1fad00332dd0f7a6f43914e3927b5267a8a00676271d28de01c633fcaa40db491da98393d6801413e98f5f7a5e09ce38a5249f94f6a4e1467934c06920024d2671efed4e25475f5a6e707838e714006093d8e68ea714b81db8a3a707a9a006f4ce6979c71499e7d68c0248ec45021a549e87f1a19703d8d28da06140c8f5a466ddc9c018a0646396e78a7383819c107d69abd7e9c53c638e3a5000b81c0a5ce4e0d29639dc47bd212792d9c0c71400dc00f93c903b538b01c919fa53491923dbad2f3c1ef8e6900dff7b8a3078e71c7f9cd2b8651c74278a369cf3902801c091918ed80476a69c6064727ad38155209c6074a1b39c9e33400d2c4e07a8a62e718f5f4a93071d738e79a68c1e0fbd00211d33c81da9dcf048e9dbda9a9c8c539be423049a000285e09eb52039ebe82980107e6f98548338c77eb400f0768c28c9eb4f51c8c0ce69bed56608cef05bd7a5006d5a145400f25b8e95a0e598fcd8fcaa28a20003d876f4a95d86093da80217e99ee6999c00c38a46241c9a50c3eef5cf5a004392dc8e2909e734e2392051823191400a7047351edcfcc0d3cf2d4c507073d4fe540028f9b0475a1c9df814ee3b726909e6800240a888cb1c54a7a6efc314dc8ce4f3400d18268dc474a38e73487208efe82801151f6070783f9d340278ef4fe78c0e4537d89c67bfa5001850324fe14e07232290b2336d1cfbd293fad001900f5a61c76a7649ed4d3d79a007649ebf87a5378fcfd28ebd6978e3db8a00613dc75a5dadbb8c7d2901fc685006401c77a00061d79f5eb4d3c75a978e94c643d050044c41e4714c0edd18601f5a7312a429e98a8cbf6033400e38cf14b807a77a69cfa1a7070320f7a00664f63da9db739dfc0a8c64939e878a6b67015724f4c5031d9e029a4ec002699860a17346e6031efd68116a424b0cb6ec77ae5f59e082063233915d28f95762738ee6b07564629b8905718fceb424e410151f28e2af42c31e5919cd51dca0e33d38c55d8908219bbd051a900c63db8f6ab7111c0ec2aa45dfd054e9b41e73eb4099a0a3e6cf4fa55a56ec7bf43e955d0ae011c0f4ab0afd8f14c9227c853f4c038ac60b990a39c633cfad6dc8415da7bd7377a5a1042f149834477d3a67ca3d6b95b998330887cc3b8357a779491bb9358aca32771e33506915624cc6846dcb29e0e3d6a58d319da3a8cf1e950feec298d41f9b19c5018abab7231d47b7b5050edeacfb53af7f4ab2640dccbc9e833daae69fa3cd72c250a48273f87a55eb8d1e4452625e79e49ff003cd572b21ce29dae6390857747c8e983eb4c531aab73927a55b92d24c85c93c7403d2a09ad7645ba3fbf9f981f4a9b32ae8895b7658738f4ea6a431a6e5129c1eb5591bca3b73927b569a59cf300c9d3b1a00a12ab3818ea2a26dc0842b8e7923b66aced04956e08efed4e1135c1f93955e78a2c2b958639d98ca9edfe7bd4b1a0604363f0e943da1b752f20e4e3f1069719fdd21c13c7bd160100848daaa319fd697288c3f2abb6fa6c854fa0fcea95cc7f642cb3a93dc719fce8b30b904bb41c28e18f51ef4c2515880b9229e830a243f2eee8a4d44ead90cad8ce73ed48a236d8f855eadcf1d2ac2a011100fccb8c8a82dede4dd88c3367ae3a7d6afdcd8cf6e3cc7e09e076a7615cabb09cba8ebdba5192e39e31c508c57258e697a63de818dda5464fcc4f1c53643b51777254e33dc55afb2c8c8b260fb0aa124332cc73d09e7de811ec3e12bc32c7b170176e79ae73c656e7ccf397391c11ee6a7f09ca180527e6e8b8f4ab7e2bb66755607839ce7a9a6c95b9e6a0af9403673d3f1a45897871513bf9723461bbe285954fca7b71ed9a45966476543c738c5554daaa7279ed9ed5631c609c834c2233c1f5e0fb50043f30008e878e3a63debbcf07aaf9c4f039e9efeb5c2e49c1c10338aed7c1d2013f3c0638e7b1a684f63b6f1631166c586411918af1893cc2d86230a7b57b8f8ae263a792463e5e40ee3bd787398a5661fcbd3fc69751223382a48c75e33d0e283bc05e33c559b5b16b9050648eb9ef9a74f6a6db2cd9c67906aac1cc8a888b1b624c0c8cfae29bb99893d79e2924cb73d074229f6d6ef70fb53a81927fa520b8f49148049fc3d69f13ab96f2837d71d6ac0d36542722a37496d1c601fcb8a2c172788cacc43818356176f009e00aaaa0919ebc55c82261db6fd7a502260aaad91d076edf5a692092c3b76ef4af26c60319faf4a5b70d29da830719e9e94000cb640ec339a55c9c8ce7d6a5f27caf9997ebc75a8d94aa6f5ffeb8a008416de3671ee7bd37e652ca7a373eb834e61d086e319a042c402e0e7a803ad0047205209fc2a1276632490c3822a5766e4e085e79c5551f2a838c8e7140176caddae18e1063a2e4ff003ada8b4c612292a7007e558f63285c6ce369e6ba98afe1f2f7f5229a44cdbb6869dba2c3100382067a568c1f786791d4d67432871b8721ab4e0e173ea6ace6674a5c9b518feef15c7b855958e3bf6ed5d7a2abdb67f840e95c8c80798c3a506b01bbf9e9d28e467de9ca2a3e7a74a0b1719ebde8273d3140c1e7d2906793eb4080a91d7b5221e403de8c3752285386e3f5a00979e94602fdd18a71219b2a3029b8ee69809d79349ed47d3bd2f6f4a00067a6280ccbd3f5a4385e41a33c6dfce8001eb566df05b9ef55538cf7a9a2e1c63d68034e509b403d4f4f6a8d4ae3069a72dcf5c529fd2900ac314dceee0f5a7649c8cd308181400f6e176d20dc060f38a4048c5202c7ef50023b60633fe35093d3353391b718c73f5a8950bb85e727ae28026b70c4ef038a4ba003656bb4d3f45862d3fcd9864919cfa57217e163b8217a0e295c6763a0c6c20e7db1f4ade38ed5cf685b9a253dba8ae89805c7bd672dca433a73401413475a4317349d38a3d69b93de8014faf7a767b0a67bd39714012718c6290d2f5edc527d28001c5480e7ad474a33c5021f9c8c8a5a292801df5a506984d385004a29921c7d69e39e29927cc68032ae496355720f1562e78c8ef5541a063f9c038a5ea72452038fad35896eb400b9a33c669a33d68a0018e6a13c1c8e2a53511f7a0089b39c53d319e4546d834e4eb8cd0059078c528f7a61cf5f4a5cf38e98a6224fad28f5a6f414a28024fa519a4246d34d539273400eef4d634e1d714c38ea7a8a003a1cfa5293c534628dd9fa5003588c1cd4641ce7b549c939a69e68010fad3339a71f4a65003b8a2931474fc680179cd27d7ad03d6820920834008d803d6a3ea7a7152904f0b8f5a84f7a0077029a79e947f4a438e707a5002f0013f8503a629303a7514dce4fa5002138e69a4e3834ec1e298d8edc5003c0049fcfde99d4024d38e00014f20d379ea7ad0034f1c5033d45389038a6d000339a43eb41eb8cd21c8a004c824e3ad308c9c9e94fc16385e323bf7a42318dc7f1a004ed9a4e71e94718193da93a500183d29a467b669d9c74a69627ef50028383ed4adef49b38c03d683dcd0042d9a324e0fa521c7bd314ee383d6801f9c529c1a693b7dc52123d6801dec69064f04fd3de8a3b5002e38e69a73d077a29b9ed400107d734d3d30693af07bd2e7d68191923a0340f4069c405c91ce69bd8500001c71d699b88a760e38e2986801ac72771c5309c52e57a77cd20c1391d01a00064fb537073834e04e33dba51f4c73408611cfe14d2474a79f4a8c827814009bb8e7f2a69233fd29f80491474e33c500309206ea6ff005a527078e699f4c5003bb629b939f434a7a734d340c5e3ae29a72493d0500f18148493c5201369c714d201045048230293dcf4a003a0cd2638c743403ce29770cfa50040739c0147f852962cd91da93ebcd000a003834aa3bd341c11ed52e3b8a0060209c52b74c1a66f04e71d6933cf23ad3017d3d3bd04fe541e9c1c5371bbe83bd002b37ca49e7b520214038e7f952eddf950299800e7b5002e41e4ae0d28c918c535496ce7bff2a70a0043e9c54671de95b0dcd3474f71400b93de946039273d38a6138c0a76d1ba801fd5bae460f14a09ddcfa63eb4d0697214973926900104ff00f5e9000ad91e9f95349e724718a78018608e3ad002641ebcd0149ec7e99e94984cfcfc5283c9653d7bd002a9e738e318a090073d47ad31ba6334e641b460d002b74cd33819e3eb463f84d04e0e17f13400f083ef11c5342f4c75f5a525c8c5047012801a3713b589073d71d6a73b86581eb5161b0067f5a72f6c9ce28025c7381fad6a5a40be602791d726b3075009c13dbdab7ec8e3a74c5006db0c46080303be7ad55638e3d6a46caa84f5ef506542f1eb401190c4ed6a6e096dbde9edc8fa537eee306801c57031499f5a4c934678c7bd000c33c639a712000075ef4dce0f1da906ecf3c5003b34873da8e4f1de9b9cf06801030cf39a4273c9e29c432f539a6363a93c1e6800e9f5a4c95f968232b95efd29546d5c753400d5ca920e79e714bf4fd69cbc365baf6a6fbe3ad001b40e6917e6e869475c8a40a3b71400ecf18a69c9029c005a4e9d050047d78269c78c8143004fd69befd31c5000412724d28cd2127ad4665038a0093ccc1e698ceac7029a4061dff0a6e028e28002334cc608dd4e27f4a42437b5030249e4d4649271fad23c8172c7f2ef4c8cb49ce3ad021f41ff0064e3eb4d18c9039a70ebcd0301951827269a4823a77a5cf3ef4ecf1408b0c41195239158fa91c2703200e7f1ad250aa7009607ae6a9dec5ba32cc71d302b424e00c64c855475f5ea2adc5bbeec9e9d4543344d1cac3af5152c6fb8023ad051a319da477ab91b65ce2b3a3392393d726afc381823a9a0469283daac0f994541923152a6d07e5e94c448d1ef8c8e9deb9cd450af20eecf6c74aea092060f4ac1bb246579c91d69311c8491feedb276e781eb541822a80d8627f98ae824b1f3012464f53ffd6ac6bbb39638bcd0bcfa5497092d8a608038c649c67ad3edc1377b586589ce4d436f2162d9c02b80062a5d999470791d41a0d19e99a5ce55563600e78f7adb920865014919eb8af36b5d5fece46011b46189ad0b7d7cb49ba407127a7515aa91c13a32bdd1d9ff006740467f8803cfa5711aec0617c0e49393fe35d9585d19d1b6e7038c9ec6b95d7b6920cbc9269cf61d24d4b530adad9269c2301b7f9d7a02da08ecbca8be62403d318fc6bcf61c24aad9ebc57a2d83c72421013b80ef534ec6b5dbd0f37d5d0c573e5e725bb8e95d6e896b6e96a495c9c64e7fad65eb7120b9dd8c32feb9ae834d40b61951c6393f5a7e444a5eeab1c96b72a25daaae5b278352e936715c4e5df0003c552d547eff006f63fc856a787a4024cb9248e40f5a85b9abd207672dac10dbe231c91c9f5af3bd4496bb60cd83dbf0af4ebc01adcbc6086ebfe35e61aaa2898a9ce4f5f5aaa867877a992db181041e7a9351b2c902056c364e39a95655550aad8e7a9ef49f2c8c086eff0074f4ac8ea3b8f0f59c7c1c00768349e2050a80019e6ad684cbc75ce39cf350788e369372a8dbf2e47b9addaf74e3e67ed0e08a7ce548e7b7bd6be9b6a2eae1777627e991593b1ce549c13fc47935d3f87218c3e72723f1aca2aece9a8ed16ce86eec522b7050720726b80b9122ce437dc3ce7d2bd62e1018b03f1af39d5d4a4a091c16fc3dab49c4e6a136dea6b783c324c769c90d95ef5d278c94b5a798830c0e6b91f0dc9b6ebe53821867b7f915dff8ae15974b652dd8e4ff008564d1d1d4f119230c049d093fad35e20a719f9fbe7a015338000551b9b39cfa7e14c7123b9246148c60505dcb51c71c7182dcfd4fad40cc19f2a318fd6a44564023dbc7bd412655b9e41e07d6901160b3024722bacf0d0c5df073c827eb5ccc8f8500743c915d1f875b6ce083d71f5e0d340f63d575d577d3d966ec871cd7853c423b9214f0c700639fc2bde3558cc9a51241e14d788fced72c482086c74c51127a1dd6990ac5680e17a638fea6b0f5d5122910aee3fd4d6959b33e117a11cff8d43aa43e440eec7e5e3eb9ad3a18adce1442cbf2b72188c9cd7a4689a74291ef55ec01ae26dc0338c9c8cf4c57a55830485703b77a74c55e4d2b2267b1b56190b822b9cd66d96146206fdc3915d2b5c0672a0d739ae9db1e5b39c7e1553d8c6937cda9cc59448d388c8e31c0f6aec5ed228a1dca3248ce4d72da3616e9189e7a57a048998c03d6a62b434ab2699c0cf114605781d79fe95d4e9504062561d7bd73fa9fc974b181907bfa55db2d412288678c11d0d4c6d7349a6e3a1d2cba6c32639e9d335cfeab6cb6c9851c93cd6bdaea2d31f9791d40fad53d603483cc270001902b4959a30836a5a98ba6db7da671b86554f38ed5d8fd8e00be5a8f988fbc2b3b45895fe64f971d71deba09a5b781821383ea69c63a0549b6ec8e62ff004fd91b11c2e3f5f5ae2a560479638c7535e8da9959ad894254e393eb5e69296494ab76240acea2d4da849b5a8aac50f079238a990cbb860e3d2ab6e8e3385c863ce2a4818998798fc67f2accdd9d96961d803d97be7a9ae9e057661cf1581a646523fa73ed5bd076f51568e47b9d3c7ff1eb93f4ae4a4c79cc0f5c9aea6125adc0ed8ef5cac8479ec4f73cd3348087dba0a60ddc96a9739e45308efc505898c7038a5c7e94839c8a760fd734083f1fc2902e69dc7406950739a007745e0734846683c53473d29809f5a4c60e4f1c53d8741eb4c2b83818e6800c71934a4e40cd2609186141e9c75c5020cfcd91df8e6a48c8dc31f85479e334e8f97c9340cbe84e067ad3e9aabc6714f1c8a4027534ec014724fa9a43800e7f2a004f7a43c0a76476a423d680187da961c24c9e99a56ce7351e704374c50077335de2c0a6fda31deb86b9e59b073cd4ef7324aa15ba55570c324f39a490ceebc37bbcada7900e3f3ae8a523760f15cf787015870c3b74adf739e83ad44b7290ce293fa51d7de9b9c548c538ce28a334eed400c19e86a41c521f5ef40a009463ad069a2973400df6a72d21c0a41c75ef408947b521a01a7641eb400ceb4e53cd00528e72450049cd21ce29149e695b03ad00645cfdfaa8b939356ae8e4e47435597814c62fb7a534d38d3690071451c5048c8c76a004381cd358e063ae29720f5a695ed4015dbbd3901e4e69921c75e688cfe86802c03914f0371e4d443f3a914f383d0d0224e07b714ee69bd7934679e6980e07b53b3da9a3d452f1f4c50028269a40ce334a4f04d3074c734003019e3a5275a776a69c9cf1400838e4521a5269a78a0069e381da9b4a7d29bd2801e2834da7645002649ebdfd293a7147d28cd0021efeb4de839a716247d69adc9c9ff22801bce3d29a302838cd2e4f6a004cf040a8f24938a76734639e2800072282a4f7a41f5a33f95003082071fe4d1938e7e94e269a73d2801ac79a3a52f39f98521ef40099c51903934649a4a006f5381e94dce4539b9e7bf4a676c50000fafad380cf07bd2631d68f4f5a0038ce4d230f9700f34e2ddfad373da80050003c7348c401c75a767d6a3932466802238f4efcd37dc0a38ce3bd1400b9c527cbd3f1a5c521e39a00519a39fad1c01c526e23ee9a00539c71518040cd3fef6771c5349e320d0020c9ea6939a1b8e69323d6818ac474a69c504fad26403cf5a0046e0e6a224e41c0c54ac47e550b63b500339fbc295803f3534f73f8d19dc39a04280462938dd8f4a3a1c52f1f8d003188ce053093c834ac4f7c7f5a6f5a0008040cf6a43e829cdd3e5e334da008c9f4ef47d694f06909efd68180e38a43ce73467d78a42462801304f6a4c934e033de983af34003027240e9513839e78c549bb1c8e7151313ebd39a005fc719a76339078a673eb9f4a5c9e8280132b8c7f2a61ebd00f6a7919391807a53428ea31c7ad2010a9c71dbb0a7236787f4eb412adcf6e87d69a58e38eb9a00691b724d00719341c1e7d28ea31d69800e451cf6edfd68f61f851f74f1d7da801a0e41393c76a6fcc791d3b538e00e7a9a6e0741400a793d693af038a4cf240ed4b8c8cf6a0041d8d336e31c7e34fcf1f29fc6a303039eb400e001e4734e5f7a6803ae69dd2801c33d4f0690ee53c9eb41c8f7c8a6618e7033de900ecfa52024fe349c727b628076fcdda8015901e09cd29c83b4fd698a42f4c9f5cd2f6f41fd28017393914b93433023a671da9a3818f5e68017bfd69c012a48e80d373cd21fae33400f19ea3ad3b008c11cf6a8f951e8053f9e09a000aede33f85390e0e7a8a6b12e78eb8a55e40031c0e87d6802403e6cf435d2d8ab480646063935cda903e635d369ec446589cfad005c71d4f6e95081d31daa573c633c75fa540c40e0753400a700f3c52118e9d69bf31e3b50063ad003b3dbbd20f434e23bf434c078c1ec6801cdeb4d0073c669d8c9e0e683950067008a006f4f7a693c75e94e6fba71518c607af7a007020d348c8c76a77047149c1c00680131c7ca78a3a707b5203938a5fad002903249e94dc91d075a02b16ce78f4a4041c91d05002e0f639c538e339534c1c9ca8e94ee00c8a005e83d298c4a9c7eb4e6f4efe9402718a0046200e6a273c74ebd6a4232335131c50026e38c0fc290ed561bb8dd464019a6e43003f1cd002e7278e29ac09069c71b46393dea3278e3a50314fad33a1c7f09efef4a7030053793f283400d312370a3209e7d69f92a30a29801c75f6cd2f4a04354124d29c76e7e94e1c77a664fde00f2280132739a519cf3cd20ce7ae7eb4a5c819038a00b18da3a0aab7ace63c1ea3b639a9a31228fdef1e951cee0a903938ea6b424f3fbc60b70ccdd4ff3a48536aa92dc1a97538dccbc1f949ce31cfe7512001178f7cd219a108cf3d87af6abb6ee7271d2b3a22ccd85e95a401ce723e83a5303415980e99a9e31c8e73cd575190083f877ab11e081bcff00fae988b4e17a8cf3585792240a46d27dff009d6df50013f8d626a89842bd8f5a4c455827570ca703dfdbdaa0bb756185c1ac28ae5a12e8a47d3fc2ab5d5d49e5048c90c471c5482894670ab36efe2279c74a915d33e5a83eede99f4aabf379823390a0734e05d158900e38fc291b16a08a67936272092013efdcd775a4688ab107971bc1e6b85b6959195f054647f935dedb6a68aaaa5c36e157131ab7e87576b6cb12becf941ed5cb6bf10103a803d89f7adfb2d463b9381c1ff0acbd763dd0b39e485381d2b47b1cf07696a79d46b20e73b803c9f4aee748b819cefc6074ae21431073c1efcd749a5dc4692a0c649e38f5a8868ce8aaaf1357548bce9154ae49e413e95a9047e559f94b8dbe9561a2fb41078c8e79a7cd198a062fc1f4ff000ad9a3913e87985f311764e3a751f5e9567483bae378c819e2a3d500fb510491f4e829da5b6d98a9e00e726b9d6e75bf84f4766796dc8ce323b7f9ef5e7facc4c26e9b703bf3f957a044b987d370ae2f5e52a7e6cfbff4ad27b1cf877ef58e4810c985c60e7f4a89a105c3c78f971c53c9c3851dfa9ed55fcc2ae7b83589de77fa14a1886e41079c7391f4ad9d653cc88c8573c71ed5cef875c2942a7a7f5aea754526dcb1e98e6ba7ec9c12fe21e5d29c33eeea3f95759a0c6a15553381f3107a9cd72b73146d3b4438e7ae7d6bb5d0e1f2a0de467b2fb5654d6a6f5dfba7453489800fa715c578894c682455ea7a575df6793ccf9b9ef595ad5919add8127a7e83d2b592d0e6a6ecce4fc38196f559ff008f9f6e2bd87588d27d38b0fba17a9f515e2ba46f6bf5d8c460f1f857b9de209b48da727729ce3b9c562cec3e7e76469ddf247240c77c7f4a42fd083b8fbd4da8aa45705146df9b07b7155480ade62f23a62a0b1c8d3018c93e99ef4848242b71de9f130f9885c73c531ce1f2df30fca8018c47248adcd06e234b850abc8ebffd6ac3207ccc07bd68e89f2dda9cf279cd340cf789ff0079a52b1ea735e11aa95fb7ca0e72a726bdd9079da59518da4f35e1badc683517e325b3cd0883a1d22ee1c663e471c7a543afea7bc986120e4739ec7d28d2ace382112487048cfd296eed6120be33dc1ab33b6b739db2cbca09e39f5af4981192dd5db92179af368a411dd876238ea48e2bd1ed1bcdb350319c1aaa6675fa18b6f2c9f6cf4c558d680784e467bf14c86167ba0c3a67f5abdabc05e03c8231c63d6adec669fbc8e6f44b7ccbc723391ee7d2bb691f298f4ed5cce85015e873b3f535d52c5bce48e688ad02a3bb389d5e36272b81918aceb484dc1551c0040aebf54b7508415073fceb9982e16d5c9c64679acdc6cce884ef13b4d3aca1822257a9ee6a86af82b8150c1aa89196388704f3ff00d6a9f5202487383c8e4d5df430b352d45d19d97746bca8c51a8cb99c64e149aafa27c88547254e3deac5f876914051c552d897f1162e3e6b6280f6eb5e7175bbce64ee3f2af4b9142d99257a8eb5c05e47b656ea3d0fa56750de8197b817dc3ef1ad0b48c348a18553524310b856ef9ab504850839c904d647433beb50b1a855e98ad38bef7d2b8cb7d5766187d2b6ecb53f348dfc73d2ad3399c5a677118221cf5ae76e08131e3935b96ceef1020f15cf5c1cdc9cd32a1b8ee9d7f4a4239fa53c64f4a8ff009f5a0a13eb476eb8a0f23a75a4c763400018c9a917a6e34c193c93cd2a9206da007b73d2909c1c814e039c31e7d077a683dbd2980ac7763d68c66908db9a696a0009c9a4e47bff008d2e72719a4e31cd0213b734e4fbd9e94d3cfbfd69e01ce0f19a0668a9c2734a0700d47c300314edf80171480713c7e3d682481cd2648e3ae7a518e39a00703ed4ec639ed51e78e29d9c0cf734008410320f5aac495eb560e3ef1ed55df3d40a0011c8255cd12648c0e2922525b8eb44819490450076da1b30838039ae84b12370ae6b42762a013c1ae93af045672dca41ed49df349c8a08f7a918a38e94e07039a6e297b6680173c538734c069e38a0095703ad1d699e94b40c0fbd28cd1473408053c1a6e00efcd3c00064d0035b23bf14a38fc68ef4e033f5a0078a8e5000cf6a900a638c8e69819577d47d6aaa9356ee41e871547a5031d9c9a0f1c1a4ce29093de90071da941e693766803d7ad002f7a6b12694ff00b551b1ed4015a43c9f6a58be6c0a6b90381cd3e21c5004e7ae29c06718a60c9a78cd0224e9c1ed494d24e706946319ef4c070ce3147d69bcf5146573400fdd4734d079a77d280170738a66581a77bd47df3400a7934dcd19228cfa50034914dcfa539a9a08a005a33f9504e692800ce314d39ce7b52fb8a4247be68017269a68faf14c393d680133938038f6a71eb4c34e00d021a681eb4f0323151e3b0a0619f4349eb9a6739f4a303b9a00711cf26948c71d69bdf711487d680038cf149cf7a5e01193d68fe2cf6a00674e3da93af3e94ec1e41a6b02bc350034938c521e714e38279e94dc107f950020346e6e9e94a48ef48013c50034f3ba9bcd388c1f534dfce801e385cd3643c7bd28f5a8dfde8022e48c8a7939e6a23d714a081400f07a9229a4e79e694127934d3e9400f1eb4c3cf5a70200c0a095ef400cc82704f14bd7a534952dc74a3e5078a0068cf5f7a29c71dfaff3a6f18c503109c734c383d68e01a39071fce801b93834879ebfa529e79f5a69271ea68019cf4e9da90e7fa51475a04007af5a7a8c7be699d3ad2f439a00648b8e6a3c6338a90927a5331c003d2801b9e719e452e0918a434a7140c8c8e2900e39a7718a6fb77a006903ad1c9fa529e28c919c7a5004648eb487a10294e42819cfbd20c0c91d68018dc118fce97080907a1ef4bb40c91de9af93c0e7f4a0069231c7eb483ea453b8c7cdda98796c1a005ea690e4d2f4e68ec48a00615c9a4383d3bd2b1e0014a41201231400debfe7b50305b8e05443686c91c54c181f6a0068c13f4a0e31cf5a71001dded49f29393da8010722a3da40cfad3b38029bf3719e00a004c0eb476e4d29c64fbd21625318ce280158ee20fa0c9a6e78c631ef4c0c739614eee0af4ee280157d39fc69ff00787e94deded4e03f1a0008e063d314c3955e075eb4e24f5a4dc540f6a004e011dc5282bc939ff0a6718cf414e20607ad20103738e4914993924f4e829c7dbf3a003c0ea3d7a50030f1839fa538e7241fd283d36d1cf4239c734009c01b80c9cd1c1a3920022860780471da801e48e87340a60ce78eb4ecee38ea6980fe377b5008eb9fc694608ce0fa520c37de1d69016638fcc3b4fe35d3db0448153d3a0ae76d865c28e71c802ba340c1071d3a7b5003998738a6e4f1fa5193f853727181400e1eff004a31f8520c1e0f6a8cb83f7781400e0dbb39eb471d05202474a4ce78a0079c8eb49bc01c52632db4f4a4002823ae6801d92d81da9878e076a071d2803d6801dc63eb4672bbd7b7514e231f28e09a68dc0004f22801158303db34bbb002838a8f3ffd7a5e08a005ced18ef4992323d7fc9a0918c53722801c0f1c7029777cf8f4ef4c1ea0d046460e050038e0f1dfde90e33cfd28c649ddce2980924ede9d2801c493f2f414c703a8ebef4fdbc7f5a898063cd0034e0d0ca42eecf1436140c679e94d39031dc5002b7a76e29838e7aff2a9319ce38c547d393cd0034b03c0e4d21ee2977e79c62939e01a004c7181485c0e3bf7a438c7bd1c71c7340c9029d81c52152465493480678cf028dd83c1a003691db8a40a083b453cbf1803f1a612bd7d2810aac1c1c0ebeb434681083d3b9a9181dd863484e0658d6849c1ea41e327703cb647d2aaa3216e4f278adcd65374418738ee6b9e80e1cae0118e290cd38d4b676d5d88630c2b34161c038ad1819cb02df8d3034539c1c7e35663c631ef55813bb26acaff00785311311cf3599aa46eca1979e3038ad70bb854132c6d194639e3b7ad00799343e5b31ef9e4fa5432c782599b6f02b42f8249232c448901e47622b3a75658f1212c7826a0a455f9bcd1231fbf9e3d71de857dd9dc0f1fad4ca0019278ed9eb5082a3e5db9e7a8a458f5dc415c80c067147ef7686652108eab9ce6ade9ba73df5c9dc7f1af438f418d630bbb9c0aa8a6cca734b732f4477f90499dbd73cd749aa888db3971f7b00d5bb5b08edc031f3ce68be459216f3178c56dd0e4e6bcae796dc948a56dabc13d7ad4d66db270d9c7439ff0a9ae635b79181c156e3e9545a528a241d8f7ac0eeb687a5e9b30299619c74a9ef5f36ccc7922b0f48bb39504019ede82b5b5a710db92bce477ec6ba39958e271b4ac79a5dbb4b3b938dcdcedcfa53ecdc99c64608fe555ee06d90c8df8fad2c47f7eae4f3d3f3ac0ebb687a9583a490a963818c1c77c5606bea8f1b63a8e9eb5ada6b0f2f69fe1c62b2bc4063113118dd9ca8ce38ada5f09c30d2679f3464b60e339c7b56c5b787a4b905df39e39ed5574f91a49cb15c1ea01fe75ea56f2c2b6eb83818ce3bd6708f73aead56b44731a569c2da458db71c56f6a202dbe5813c7356d5e22480403efd7359faacd1ac0e18e7e5c802b57b1ca9b723cce7256e5bfdaaf45d222021524e4f5cf4e6bcee693cc60d210bce0d7a168f2c4b094cfcd8e7bf159c5d8e8aab4b1b1717914380fd7d3354e7b859a26d9c67ad715ad5eedbf2a8c0ed201e6ba1d2a759a3259bfa53e7b98fb3b2b9cc411fd9b5100f0add3d739af688da43a7055e78c578ede38fed18ca6d6f9f8af62b021f4b3bba11fe7f2acd9d7d0f08d7a241a949b4609edfe7b56391841b81ffebd751e274315d16404ee38c9e9f87b5739e4b3103baf3d6a51a5c7c654aee20863c629ae1864819c74a702ed95600fa0a2493690a3938e68020574500b9396e322ad69a1a2be8bccc105b38f6aadb53196048ea3d6a6b43fe97100bd3d7ae29adc0fa274a612695900723b578f78a61097ed2a8c0ce0e474af5ed11bcdb0118180578f7f6af28f172325fba9195639f4ff0038a1ee668e4d6ea4671b98fca70013d715d56e79e1c631ebed5c632c6b22b671cd7676eebf663b8e0919f6aab932472f2395bdc47c63b9e95dfe9373e647b48db81f5af39b9c348cca7deb6f49d4a4c95c6314e32b0aa46f13d1e3b640e0c7d4f3c550d514c7190d8a9ecf50458fe6c6474ac8d6b548dd3663f0f4ad65256396116e458d280077f615a93ea11dbc992c327a66b94b2bb210fa28c9acfbabc5b8ba0a0e791ee7151cfa1afb26dea75d732fdaadcba9ec6b9136eef2617924d6cc77416df078078c7f5a4b37883f99dc7b50ddc71bc515ed2c268dc3373822b76fe0221c03f7474efcd4eb7716ee00fc2a2bfbd5688f3ffeaaa5648cdb6d991a5c855f920007a7435d74312cb873ce7902bcde7bc30dc2b26704e323f99aeaec350c039e060724d119741d483dd1b1a8464c2554f6e9e95e6b7b9dd9e833f9d767a9eac890f505f1f77d6b829e6cb163fc47f9d4d469ec69878b5ab2b6e5dc438ebeb401b8798bc1ce3ad38a86e476a45dc0807af5cd64748b1028c4e739f5ad7b591cb84439c915958dcd8f5eb8eb5d8e91a606025eb8c7ff00aa9a22475da5bb7d9b71eb54ee48370467193c56bdbc6889b41e71c8ed58d703f7a3eb56651dc9000ded4dc633fe7351ab601fd28627391d6828777e7f2a438e39a3040e78cfad2100f5ede9400138a300fcc49a4e0ae5bd6909ea280260477e481dbbd340e32a7233cd29270081d6850796070698098ea47e19ed4d185ca8c93fe352f20f1820ff009cd42410727a9a005181db9a33f5a09ff0fc29369ea7f0a007a83c9f4a5463b867a51f7781cfd29a09380050069020e33da949c0c67af5a863e73dea5000a40372776efe74aa00518a772391c53091d4f7a0078c039a79604714ce9c9e45203da8019c9270780734c62473d2a5600f5a858638193f5a00bf6088d92e38eb55af0069f2bd33490cad18d8a707d6a1720e5bae6803abd09871b4e41aeb30319ee79ae43c3f97fa1eff004aebc80338ed59cb72909c9381499a69c51d6a463fa1cd1f4a68e9c52f5a00507b8a77d68ed91cd2a806801e391c5000e71d6940dbd69c000bba8023e734027a5349fc8d2f3dba5301d520a8f1de9e3be280169e0f34ce3b528c5004b51b838cad28a473f21fa50065dd3ab12075154aad4cbb9c9c556c76a431a4e0669b93da9dc719a420670bde8012973e94d3499a0071248c50464678c1a683d314d6390476a00aa4e79f7a962e2a2231922a68f8eb4012e4e2979a674eb4e14087f439a5a67e94eebc9a603c1c722909cd37803ad283400d38c7cb4fe475a4fe9499fce801d9a6934138e94dcf6a005e334b4d3c75eb4a2801719ed5181834f3cf5a6b640c74a00523f3a603f3114c6931c75e7b53c3719a0039278a0f6c526ec534f4cd02034c27bd38d30d0028181ef4bef4cf6a7e0f434000fcbbd21ff67ad2e78e29a5b0722818ce49c9ea29304629719249e49a4f7a003f5a3b71d28e69323f1a003eb49d28c00383f5a4ce467bd003e3e5b3e94927ad1167914d95b27340111a4181c9a3be68a004fad1800f1d68e31cd2038c9c7340010735183d7229738e7d6979eb8c6280244032188ebcd4529ebe952ab10bb08cfbd4521c1228020231d3a52719f7a5c83cd2641e9400b9e293bf3498f6f7a4208e339fe9400fedc77e9487d284231c52e3ad0026303de9b91dfa53f38a6671c8a0041eb934a0e33fca90f23341fa503221eadd698ef8233de9e7dbb544cd8249c7f3a04484e071dff4a858f4ed4f38ce7bd3180e47eb400808cf34ff00af34c00f18fd69e073c50023100e0f5a4ce45040eb9a4eb4009d699edde9f8c0c9e2a23cf2280063c8a4eb471da83c1c500263e6cd47c06268620f039cf6a4e3181ffeaa0638004527228a6e324678a006b919c0e290739cfa50691492314007b8e9d28fbcdcf19a5e7f3a424e71e940119ebcfe141f5ec7a5180074fce8c1e828100231484738a5cfad373ce18f4e68189c13814acc07bfd6932314c2bd49e28001c927d69ebcf39e698adf8e29e01a00691c7d3a5378f4a91f81cf151938eb9e6810a473c7069b927af6a5047f1679a4dcc06dc7d68186e0173dfd29a49efc67f9d1d0546d93d2810adfad031d29016008c75f5a08e323ad004c07a5078f96a3008e3d28c31193de818e63ed4d071c504961f4a4c8038a0071ce79a4c7cbb875a439ed4ece05002f2c319fad37273c501ce3a77a01148009c8e7834858af239fe74b9e38a4c8520b738a006b6d273cd4ca7239a8f033c74a793fde3f8500212a0e31d6906e00e38e319a5c9ef49fca98120240200eb4e00961923da93d052a633ec393401a7601436e6ea3a56f0665e57bff002ac4d3d37f246476cd6db0c01fe78a4045db039a46cf18faf14ee79c0cd44412db783dbad003c96232d4d04e694284ef914a403d2800e79349d4d072b8f7a61193400ecf1c9eb498038a08c9dd40e47b500281da83c9e948cc476a3a01de800278f714ef97a0f4a69c0e71d693a8da7a0a000e54eecf5e0ff4a419c138e452b0ce18d37a74a000f3edeb40201e78cd3589c73d3d2821b009ef400f3d314124838a4068e3b74ef400007ad26ec52938ebcd3480c32a680245e79a89f2493e829cac714c62ac3d07b500349380334da763b2fb75a68e873c60e280173da90f279e94bd3b645031c93400cc6074e951fb9a7b12dd7b76a4c704e6801bbb3c0ef484e7834a1bbd3402dc679ff3d6818f01b38a664107d4503e538e48a339c93de800cfa0fc69dd49f5149b4e4ae3b5264f3834089f26926da139ea7a52f4eb4d65dc02f5ad0939dd551fcbc75cfe75cd24447cea38cf5f4aeb2f8b38240c76ae3c9ce43f073cd21b2e2962d963c8ad084e704f53d4d664258b73d0568c04924f6ef4c0d187706f5aba848f987435421fbc3ae3b9abbc13b49e01a622c06767c1e98fa5417036c7b88e073c7f5a9508e17079a49d15e220f7e2811e617ab30d40904ae4f2076a748049fe35a3a8db9494f3b8e3f4f7f7ac890c985d98c0ce735068882424bedf41de98183050a31ea3bd4929541827a11cd40431fdf30381938ee690cdbd2af059c9f3f3cf23b62baf6f10c2ce09f9b8e303fad79ea94922c2719c53c798c5522385e724fb5529344ca09ee7a02f88e061f29200e081556ef5e8fc9654dcd918c57227c90e1b27eee0e3bd3c329e411c73cd1cec954a24c5cc9cb67269ac32406e806334d46dc327f1a7e547dec62a4d0b9a7df25b7c8e4f1deacdfeaf3de44624383d07d2b144604849e879c53970ff003a9c83c53b92e2af72b3313962d9cf5c77a9e2601f71ea3a0f6a622aac840e49e4523800f4c7afad21d8e8adb5e4084670c0e30076159da9eaad78cbb4e0fad64e0213267e634eb8f2d94617a63a74a7ccc8f671bdc890981d6453c1ead9ed5ac9acdc80101e0fddc5656131f38e1463dbf2a38650780b8c7e14ae538a66d1d6e5899924e0d4336a32de908d950bfa8ac5c29cf563e94f625109619cf14ee0a083ca991c9c8639e49ef5b23509a18888bb8c1c7a7d6b1b3b5067a535d5b0141c93ce33da81b8a60edf68f9a5e1c9ce4d695aea32c0bb377cbd2b3644018311f8d1b80529c501ca8bf249119816ea48c8e8383d735eeba23192c4e70c02e40f6af028c62e1437cc32393d2bdebc2a19ac773f276e07a9a682479978c612642d19c738fcab8a7cb00a3b77af44f1b246584cdc153851eb5e7b8321caf4edf4a91210283852734c98b303b48f43c52a82415c10474cff004a9261f2ab0c91dc5059048cca15f03d001535bc8c9791b37dee9f5a81262ed91f74703de9fcb4a1d8056e3a7a5303dfbc35239b53bfb03f87a570fe3148e497711caf7aeb3c2b701a1030492002476ae7bc61049bf7e72093d7d453666b73cbe42aa0b2e370e31e952fdaa664d9ce2a368c0dce4925bad46b301db9c8148a124218e03609eb524588b2cac724678ff0aace4799b93b54acc762c8c319e38a065886ee70739ed534b34a54bbf24f1c9aa4a0704f6a76d607e519239ce690c90cec51a3dc707d78ab118f2c6f5232df9e6a82168c8de37127a7a55c046ee3383ed408d049db66d63522dc0c1556238c555500a827a9a76d503238c8ed4ee4961669305949f6a4334c46d7350461c643720723eb4f3c019ea2985824c301f5eb4a249002493c74ff001a8b79e9d69a5b3927afa5218acdb9b713923a66a06c1638c67ae69467196fe2fe54bb4e4b03c631400846d19ce68e714c00e31e9f953d7e4e6818b11dce72718ae8edf553120507047a5738a4aa9cf0335622001fbc79e94d12d1ea3a5de35c2f4c91d7f1aab765965e3a543a080a83775f5ab97cd890263a77ab462be22ba962bb81a703b9718da73c1a8d3a605499fd2828324e093c8a43d01cfe3da90119e39a51d2801a47e74a060ee34e18ce1a9c471c74a004c82307ad2819eb51e0f6eb4bce3db14c07e69a471c5183d2947a500263b504e38a43fe4d291c71d3d6800e9cd29e39a43cd2e73ee2802ec4005cf7ea2a5edcd411481936f422a5ea76fb5201c724544c0f0474e82a439238a6927393400e048391f8d2641c9349df8e47f2a539c9a00770467f4a8580038cd484531ce0e68018b9ebde9933b7dcc0156add7abd5594b190e3a500751e1c73ca9f5aebd886030318ae23c3e791f5aee368cd448a43391f852fbd21a5c66a461ce7349806929c0f34012a8e78e29e47ad35581e94ecd001b71d6866c81fad3874a560319a0080fb51cfe02948029a714012c7ce01352fd3b5403247078fe552000723ad0038e28e86968c1a043a9ac78e69c298fcd00674b9dc491c5526209c8abf331031c81544f3de82861e9cd26ec51ebc669a09233d2900a4f41eb4c34f19e690e31c50218690f4e29d9e7da9a7da81901c641ed52af0322a16eb9ab0a7e5fad003b3d68a4e7a8a5078c5021ded49c5252d300e9cd381a6819193f851c8c8a005271474a4519e4d3ce2802066c1e3a53872293193cd28e680039cf3522838cd33152aa71ef400d26a3271cd389a8db27a1e3d680206e181fca94b11c50e18f43cd2649e4fe940066a51c605458ddc9a9381f2d0210fb533269c7d4d263da8001d7de9e33f8d33be69738a00565ec2a320e79a90639f7eb4ce00feb400c0077a46ebf2fe54f20f6edd283c01c503180f43485989f988a713c9278a6907fc280138cfcdf81a3f5a4ef9a4ebde80245240f4ed5139c9a940006ea81b9726801383c1a40f8c8eb9a5238c8a42411d2800182a181c1a613fa53c82a303f1a8c820fad002e7f8719e28ed83483ad28ebed400e1e98e4d44ff0031cd3c9c74a88f268019c63f1a4cfcb8030d9fc294819a38efde801a473bc9e94cc678cfe3529231cd46086e9400e040e0d047349d38a5249e4d0021ed48493cd1ef4638a00500629a5971c8a5e41eb5191cf1da801339a667233eb41e9c534003e6cd002f5a61eb5202c323d4d464e3ad0031b239a5539f7a4c03c9eb4bfd2801739e94bef499a0e4633400c3ea6a3e71e94e39208239069bdf1400a077f4a6b114b9c7069a720f3d3da8018493d0e4d1d3834336062933818a005383df04d34fa0f5a5c13d68ef40c6631c134d039c75a78f6a613cf1c5002719e3ad2804e483c8eb4dee7d682140e7bd0007a640cd4601271e952e76a951d0d46a3d7a0a04211f36173c8a0923b75eb46700014d3c1e2818718cd0dc83b4e334e1d32690b1edd680131c75e7da94fbd25203c11400e3c67d2a3739e3a538efc67a530e4804d02133919a3dcf7a33db06814009c743934c3c7073834ae704647149bb7e01e0500382b11b8f41dfd69a08e949f331da4d2e73400a0b6308467b668cf18ce71e9eb4800c8078a08018ed1400720e31927ad213862318a39e76f1fe34873d1b9a0638fb521c861ba93ae690024e477a0077539c7d6807a7614c181d0e727a529259be61d78c5002f2b41e4e3ad0460edec2940e7228001d41f4a7961c71d7bd308ed4f0719e734000c6093ebc51b723d29a4e17a734e1cd003b8edd2a4519c77a628c9c0a9d0720753f971401b962711807d2b40f3c1ea4555b6529102791df356760db400c3b8003f951b158e7a1a7331e9c0c53370ffebd200383ed4d393f779029c738c668ce06d1c7ad003198f191c0a6e73c8e07a52b13dfad309ef400e0739c7e14bbb03231cd3770e83bd18c1f6a005fbdcf734c258903031dbffaf5201f286eb401e9c026801a0a8241e0d04f4f7e948c4024f5f7a3058e4f6a007ee1b781cf7a400537b60d3727a8a0009c9e6906718068c9268c8f41400ef41da8e718f5a4cfa727da97ad00307a7414124fb0ed430c74a6f38c8eb400a5b9eb4605378c7b8a09cf078fc2801cdb946dcf5e9de9b9ee68ca100af6e29b9dded400a738e98a6e491c538669bd066800e73ef4d2d9079cd0dd734d209e40a0046c641cf14801ddc9c03edd69fd39fc29808078e4d003880dc8e82984e3001e3dbbe6819ce7bd349604f606801e243c9e4e3fce29838f98724d3413d8e3d6a438d849e9de80278f2e0aa8ce3ad0770c71c5303857db1f249ebed4e0a76e7b76fad682337531c79a3a818c76ae1a75058a6707af15df5daef84a1ef5c0cd13c731c8c9c9fca90162df81e5b9f9876cd685b9c6493ce6a846c8181dbf355f889c6e0781d85311a518600ede0e735640e3d4f6a820fbded565be4ebeb4016a3639f9874ef4b215f2cbb9e31d29919fad4ce48e4f24d30389d59901d801f9b9c83dab080023283a7eb5b5ad7ca0e7a6eac5560b96a865ad8cd58db2cb200327f1fad382cbb3732e149c0f7a50e4b9248dd9e869c6512a8858e02f3f8d218c527cc45087e5cf4f5ef56c0931b0700f1cd555600720e3bfbfa54c114c65987e679a0638a959368e41fe952a95566072a2ab6c923c2a1ce3b9f4ab298660c403814012a79650f3cd43b892790715219511b6520c9cb28eb4807b394c93d7148362e1877eb4cceeebde9c31e5ed2bc03d6810f3b77703e955a4ded30543cff2fa9a9d4a2bec60718ed50650124f04fad0023292ac0e319a858a90c1b953daa5da549ded915195c727e61d450026dc0e5b20f63d7f0a715e46d3818fd69aebb94151d0f5fad2246225dae72fefdc5002b02a72bf98ef526720a0a8f3b7e450474fc29cd9e41e33d29808cce06d3ce3d2a3638903b74030077152292a769fc286392197bf3cd0318aca5060edc93c1a4564180c3a9cd38ab49800ee1d80a8f984ec3c96fca801c7cc372150e7a135ef3e0fc25b22a8e3bf3cd7801dfe72f639c115ef1e0d5956d159d700ae7ffaf54b626461f8f23568b2a3ef1ce715e49123a7ca0e4e78af6bf1bc59b369d41257a0f5f6af18f3536068875fd2a4112190a4a0100f193ed4d71f2b6e071d7e94ce4bab91827f215232b92778201e9eff005a0642aa15b238a7065277633b8f5fa547202a094e869cb17991828bcaff009e6819ec9e0a743106dc4ed18cff008d1e2c426362d83ef5cff82e672e14e0007a0fe55d8f8ae00f66ca0750481e98aa667d4f0a62eb946e179c546c9870063246401df15361cc84b90076f4a8e48cff0001c60f6a458c540dc371ef4edf863011bb1d2820003ad39383803bf6a00706078e78a5da63276f05bbff008549b5474e0919a8125018eee71d3340c742b20f9d3861ebce6a7f9c80c841c9cd32461c0c67dc76ab2a422ec1c7a91484c702531bb9079c0a9525567e39e3902987a81ebc51810e5d5704f5a6226dfbb057823a83c537249cf73d29a087ce32403cd3c100631f4a0088e14649c9f7e28e98fa669d866e0ff2ed4c78b6ff001673d07a500291b80c7e06a223a1271da970dcfa54729e807d68025f98714d2481f2724f4a84e4ae4fe54f439008cd032442d9daddf9ab70c25a4f979e7b555452cc157939aebf4eb28d5125e879a6889cac8ded1a078ced7e323f5a9afc169303b707d0d5cb45e4903b0c553be0776e638ddd7eb566317765752a005f4e94673c9e0d08bf7b7fe18a76171b40ebde82c4c11f4a523f2a438c6d19eb4bd464d003baaf1daa6070a31daa1e78a3763195e3da8024c71c73daa3c7a7e54f0d91cf1498e726980630063b8a8f24d4a064e41a848cd003b92318e4529c96c7406909e33c8c50bb4f4cd002f39f4a461e99e6839cf2690f3cd005b8400acc3b54c1811903349191e58c75ef4a36819c7e148078fe7430cf4a6805b1b78cf4a4e37609fad003b0739a418233eb4330538c5301c8c5003c9cf35148718c8ce7b5480f7a88f242e38eb400f8d88fbbd7f9556989ce09eb53a8c0c0e4f5aaef1f071cf3401d0f87d8191541c9f6aef7f870b5e7fe1f52931e7e95e803a71d4d448a4358fe74d07d7a50471cd34f5c0a91837a519c75a5c8151f0393cd00499ee29c188eb4c14bc918f4a00b0ad914a581c66a00714e1401267d69848cf028eb482801eb8193528ee6a0152023b5022507bd3b39e951e79e28cf3400fce4d34827a528e948c485c8eb4014ee8809807bd66920f356a7049c9aa8682869ce7d78a4c73eb4a48038a4348001ce7141a01238c520c77a0434f5a691c53f18a61ce3a5032be54f515382c1706a9a9c9c1ab6a4e31400febd69c319c1a6e79e68a621dc670b4a4638c669a1b14dc93d68025f5c52672334702931400f5ee2824f7a6f6cd2124f279a006914a39a69a72d004838a79ce08e869c80019a563e9401489c1c1a4f4a73f5cfe94de4f7a006373cd33dcd38f07e94de680147a9a5de7a0e7de9a7820d0471f8d002e4f5a7673d6a3e9cd3c1f5a6217b7141e9b7d28a0904d00036e083d69a5b8e2971450004e4f34c27f0a339e0d2638e948042474a69c724d2e7bf4a0904e00a0634e4706979ea28e33934ddc4f07a03c5003b8c73509fd6a7e8a4f6aaec148dd9a00003d474a4e94c53de97a9c9a005c8c521c9191428c9cd35bafb1a005cf3c638a0f1c1e94d4033823229c7068010fb5338e95271da9871f95004679eb4d1cf4a53d78a407b1a000e31cd329703a503f4a0077f3a4cfa51d480290f048a00083de90609a0914aa403cd002678a69231c9a91c8e82a3f971f350047bb1f8d340006d1c5296c9c8a4f7a00082473fad21c1f94d28e734c2727da8011141279e29ec3078a68e001473ce680131cd3718a75263d3ad004671da93a707a52f5340ebc5003720e3da9841e73d29c781cd348fce801a73d68dd9e4f14b8c8a6918a00504e0fb5276c9e0534e7a0e869bc720f7a004cf7348877939efd3da946ddbf2f1ed4d048e7bd031c78148b866c6073d29acdb976fbd20c03c71eb4008d80dcf53484f1d7a52f07ef7e74743400dc8e290d386369e3934dc66801bf363e538ed4bcd2e00a4048f6a003040e98c52edc019e334c39e83ad29248c9e08a0061c93b4e71464f18fd6973d7d7b50471c75a04216a3fce6999c039a71c9185fc6801339233d3bd46768381cd49827eb513823b75a00764648cf149c63a7e54de3f1ef4e538f71400bef4bcf39a0907a5347a500389cfdda6e063e6e39a7165c6da66f42700f340c51d7de9a0b2ae3ad2367715ef4ecfeb400e00ae076a419e49a31951ec734d0723d6801e71da97a0da475a419039a7a107ef76f4a006f5e40e941007238cd185c677718a45db8cf63400e23a63f4a78071c75a6061d3d2a419627028010019c9ab31afef1475ec3eb506de76b74abd6d196718c1e78fc28036a23988c438f5f5ab1cafcbc9c5451e07cb939a931db24fbd2018579e2940f5a774380738a69247cd4001033d7814d6db9c8e87d3d69b90463b5217dabb718c9fca8003ea7f014d6fcfb53ce071d4d44776327f1a003208a7923ef67e951641c367a527181bbd68025272a076a5e4543b80383cf14ef3769e99c5003c2672318a7646300e40a80484f5e734f0c2801ec46ec679a61e074a4dc00ce7af5a424e306801339e7d697381c7eb49c95c7af7a5c8e80014001efeb4a4e38a676fa537ad00296edcd3725a8ce073fad03da800393c1a53c7cbd6909edde85da4649a005c03f3640cd21fee9a5c6da50002723af41400d2091b978149c014b800fd29c31920d0043d783d697771f2f1406d84e7a74150b6ede7918ed40129fae33c5306d57c75c527a28e829d807048ce077f4a008c107193c839e7bd21014e4fe9eb4a4664ce3ff00d54871d17806800240c1c70de9eb48cea0107a7eb4e2c58fd463351cdb0a6c3d680268723918c9a91779600fdda478d108d831e9ed402c492c78ec2b424af72ac41c8e057117c8d1dcee3f748fcb1d6bbc7fba7777ae3f50519c3f20f5a4346727281812467b56944c985553dbf0acc8ca01e5a800138ad0870172460e78a6068c726d552bdbbd69c0048bb8f51dab2edd14a9727e606af45b8aee1c107f0c5005dcb060c318ef9a9a40010735028dcc4e7af6f6a998281df8e39f5a6238dd7238d11b764907f0e6b9e1b7706c64638ed5d36b0a092adc11c8ae6f7293b4293b464fd6a245233245db206db82bc63de942c4dc670f8e477a8e72d9d83f88f34d29b0650e4f7f5cd228b0642405e854f53563789531b7afa74aa85a4f2c60fd453e12d19dcdf741ed4013248c4edda47afa5588c85c95ec3bd30ba7cde5f07a9a6a312b87382471ed48649261b00f39eb4ab8236a7414bb54440753fad302286ddeb400124829dcf7a5cb600ce31c67d699e66060e41ce00f5f7a7a601249cd00499ce33d715138c91c715282324939a8773371c7ff005a810c76cfdee9558b1721463007d3356ca86cf71daa9206249e393c0ef8a007a29e5f3de9cde6efe9c11d45297dc30011fcf8a9179c002818800cee1d47eb51480e4363d49a95ce3711f853232ec06e1c9a603a3dfce475e951b6e504f03d29c41c1ddce7dfb5330480a4f4e39a00106f1c9c9e831fa53595a6e1cf4e98e2a5628a9f29db8e0d57698be76e703afbd004e02bc8a3764a9ce6bdcbc1ebb6d8798795ed9e315e171227eec0e467d7a57bb785d736aa41c8c0cd52d88910f8b46fb49150f5ce2bc47cb58d3e5e0e7bd7bc78a149b5619c707eb5e13292b23295e07bd4f52a3b0c8d18480139cf4aea2df4396483ce93233ea39ac9d21603791ee5ce48ebd89af5e864478bcb73ca8fc6b3a9371d8678f5f5835a3a963c11c566348b13e14f278ffebd76de266081768ebc1ae1de320f9d9c9ea38aa84aeae0771e12980986d3800f22bd2b5f8da6b02de8b91eb5e3de18ba55bc0adc64e471d2bdaefa2fb469db871c71f4ad0868f9e6600ceea46067a530f46c0f97be7ad5ed561115f3448095ee3d056726f64e4f319cfd6a4ab0803860cc300f4a4c13d08c9a6bcaf200761e3bff00853501e98e47af7a631e8ec4ed39c0eb484053907ad48a5065f3f977fa539083d40007228018155c0d9c11570838c2d52cb46db9ba7b55805986323dbe94844ab282bb9c7434a4e4ed6ce2a38636da4372074a91428f94702811663ce0b277fc08c7ad34155e07427afbd3700f38c7d297240033ef9f6a603b28186dc9edf5a6be725ba81c0e2857c1c548d8c6720fbd005724ae38cf3dbbd248abb3703f376a7b927eee327b7f5a8b76786ebebda802250446a0e064f3ef5611d369400f1559943a0de781c0356221f2719cf4340c7a300db8d6b5b6a0f00c39ddf5ac82a3036f734f6058003802992d5ceeac75653f2ee27dcd5ababe49480a338ae26d647e33c76adf80b0e4700d3b91ca91b513718031526062a18b76de4f5a9f3d05508680b9279a28c9ef40f6e2801c30179e07ad2727e61452741c0a0095412719a5fa1cf34a181c01820d4593b8afe1c5301c0b29c0a6b819a5cf39a198b9c9a006f4e71d2971c67b1ef499f5a06d00d00349a70c669a067af140620d005c88023838c54e0927e6ed50c4a58fa0a9b18e9ce2900bc8031c520183f5e294e40e6907b500357046e193ed47ca5ba1c52a92b8c74a77279eb4008abce077a89f8073f9d4ea5471dcd412e0100e6802b8620e4706977367e82a3c7279c7d6a664e3233903f03401bda09cb9c70735dd01c03df15c0e859f3867b9aef89a89148051c0eb4668c7eb5231bd07ad348e9521a0fbd00340c0a5e28f714d06801c3af229f9a675a7022801df4a4a5f7fc33476f6a040314e52075a68e78a70f4340129e0003bd03b93d6947ad3b8a006fb76a42300914fcfad364200c0f4a00a174540e79acee455b989638355b26828660d27bf7a7e7d6a3e0f3de90064f7a43cf4ea3bd19a760fad310ca8a4191c7e55364f06a27e568194c677f157460000d6783c804e39abbfc5914012f7cd1c1a5cd21f5eb4084c91d7d681cd264d283cfa5004a8b9ebd05290074a664f634e0df2f4c9a004fad30f34f34ce48c9228010fa629c0802929e31e9cff002a009900232295b006685e0545231c74a0085db9a8cf3c53770c903b5387f9340087d69838ed4eff0067ae293f95001ea31d7bd2649fbd49ec39a52463dfbd021a49ce3b629fd4f5c66a1c83c8353804f14c07606de339a6f5fc694e40c0a4e7a5002739a438e297073cf4a6e71400a064f1c50c30307ad37b5358e067d680109c9f414940e73fce941e31e94860707814deb4b803ad2367a5002b1cae471559989eb52339c63b66a06e79a005e4706978a60eb9a909ede94006714d34a71d29a4e0f340006ec7ff00d752638a8f8cf3c8e693b6280173c53096ce4d3b8e94d34011b139a41db34a7be3b530f4e6801fd7a9a40003f85333e9fad3bf1a00407b5389c9fa51c7d69a586714009804e3f5a407b9a5279a68c28f9b9cd002f6a6353dbb9cd47400debd68ce071d69428fce9bc0e7bd0007229a07193da9c4313d452648ea4500260800fe34720e07d68c8349d4e734009c93c5349f4a767073e951b000939e4d0007e6e9f9d273da8e293df34009dfd69a7229580618cf5a572bb411d471400d1efd2918e074a6eec1e683c9e79a0066727bd2640e7d7d29ddb8a3819fe5400c34dfa714e2573914df4cd00274a500839fce931de909c119a001877a434ee9d7a546406e9d3de80024ab63ad1ed9e69db9719348080d93c500309c727e940cb0a56c134870460fe9da800381c934c2c339eb4a3233cfe751e7f3a005e734a480bc77a69c05f4a09c0cf422801a476e82a43d3e538a8f3c74c8f5a1b95fc2801492c413fa546e7249e69d210a770e98fc4500103d40e4d0033191c73483ae47ad2e7921477e68381cd003b9efc523103bf3526474a6795c67af714011f56c114854e481d7daa41f3e589c1ee2808540e450034020658924f7a5e7bd2f4a4193d3ae6818a3d0f38a0a92298a7b60f5a98305eb9cd0030fc8b91d7a500e23dc7a53718e49ff00eb0a76588da3181400aa8ac9cf4069cd82db7a63a7b53549c7a53d4fcd9fe7400e2b93d3de9ff2e30bdc038a871b7393c93560f4e0e0d0031718e3ad6b5946ccfb5319acc4c63776f4adad3c191c67f0a00bf1ab29f9b9f7a76704027ad4a5403cd43bf67cc403c6290080004914e6c30e6933c7e14cc03906801a7767838fad296cf6fa9f4a4cf3823a521cf53d680109c9ebda9878ebd295860d33da80173919c628e4f5f4a43d339fc28dc71c9f7a0069049cd20e07239078a71e471483ad0021e3a75a4dc0d049ff001a5c7140083d0f6a5c9edf952639dd8e693be7bd003c36783cd219114edc67d69b939efcd1819e983400bb860e0639e9406e0f1cfa51c63a531b8cfbd0035c65b04f3e9526e0ab8a8b3ce7d282339f5a00696f538cf6a7163d85440f71d7a7bd202a07340169640cb9ea0530bf38e2a1427a67ad20745e077eb40cb592471cd47927a73508666057d691b213038fa5004e73dfa7f5a69e4ed3df8cd468e49da4d2337cc7d71400f049e9c9a50d9e73c63ad45e67e18a6194af4e73da80260c0700f069a0f715112a5b23afa53830ddb49f5a043cb8518e9da80a318032c6ab79c4fcae383fa54a1c2fcb9c5005e2c4fba814fc2150c3183c7d2a3431b0f906477f6a55f280214f39ad091b20046d38c5723aaed1c138cf4aeb5977a15c670739ae57575209dc07e3498d1849b8af23deb49186026323b9acf40576e4e735a319ec319a605f830170391d87a55f561f87b550880c0f5abb1fcc2802e6559f31f6ab3f301b8f5aaa990707d3f3ab18cd311cfeae8763b632e3918ee2b8d824dc4bedc126bbed4e352be673c0e9eb5c132a2798abc64e467a66a25b9512a4e413b8f046718aa4a18bed90919e78f6f5a95a176704727d73c54b876cb1c16c63d8e291444195e4f9ce0678ab45e3c3f5f9473e94c8c2a720039f5ff1a11e35620e4923a5000a19b0fc0503273ea6a6326f1b8804fb5324dceb90320f6a96100918005218bbce47a1a5033d7eed0022007f1a5322b3edef8e7fc2801b85285d8f23d3b52c6c0aefe3dea392452be5a75edc50571800007d0d004cd96f95060e324d3093b32bf9d018925b903a63de9d0ee4c871d471400382d1804104d50f9b21586e27d0d5b67c9c7de038c8e95034397dc79fa50031bccf30215f97b7b54c43aa043c86e49a33f3f0a483cfd0d380254b8e155b1e9cd0044318e0939f5a9c31ce7a0150367276fde1fccd3d09e15cfd7e9401012e7733727b2ff5a130c0bf507b7b8a9da450dc75ea28b45c5e0279079a00d9d33c3d2de209ca6e4278a7ea7a08b525413f37de27ff00ad5e8da3cb1a5a7970918159de20c416acee4291d4fae6b9956973d80f2bb685a3942020b16e33dbf1af7ef0cc652c82be78ea7dc5785c2bbae96523209e7d2bdef43016d546495c0233db8aec4f421947c50c05b3363764102bc2e6466248c0ce7207ad7b878a595a311c7cb30e0579ddbf866f2e3990639c8cd22a2f4393b669a23e62b0fc0577ba4dfdc3c5bd87207f3adc87c2b04112b1032a33f5ab115ac2911088327b9ae7ab35b31dee79aeaab3cf70c3a92715912da5d5b826442570326bd66df4bb7c993a3138a4d47410d0ed8883570927b09e879768f262f95d0639c57d016ccd3699bf393b6b85b7f0779452703071c95aec21f36181add47d2b526e78d6b76f37db1c9f9477cf5cd64dac06794410900b75233c9aea7c571959cffb479c5656892c70cdf30ce0803ffaf532d1685a3aab6f0d430db8461b89ef5c7eb1a6b4136540507ae2bd623b84f2c06fba3a63a570be21b98158c7904f426b9e9cdb7a81c42e0a9523a52b6d405bd4546586ed87806902939dd8f6ae9002c63038dd9e9e95662236066fc6aa81938cd584e981c01da811617d477ef4f031d2a31ca919c1153e14364e4714c040a73bb774e94fda5067208a68071eb4a39ffebff2a05606c123a546483c01c538a93cd382c7b327ad0044d1ed3bba9351393b871c7bd4eea401b4fd055499f610467eb400e58c027a0f6a9c6dfb9d01efdeab2e3236f5edef560678cf245030cac8060918fe5f5a505979c647b534ec27e6e01e829e876a00bc8ce4d022cc2efe60c702ba5831e48efdeb98849f33690083ebd05747012b80bc8aa44b3762c9506a63dcfad416ec0ae076ab01b1c8aa246671ce7ad38e4714802f2de946727e6f4e2810ec923149f36734d076f269dc8eb40128200e473d41a6672dc9eb42e738ed4a48c83e94c04c71f4a43914e1cf269b91da8014063c01d3d29a48cfb7bfa51919c8c81ed48719c75ef400fdb9195e69b4d1818c1a539ce38f5a00b502bbfcabc03538057e5a8a061b71e9560e3ffd548069c8383cd1cf41d6819073d294773eb40063f86939072a7ad202727752649e680177331cf031eb51b163c31069f9c1351bfdee05004000ddcfad596385a831d706ad1ff538ee7ad0069689feb97df818aef0100735c16883336d0318aef703007a0a891485a3347bd1d2a461d6908e39a5f7a4c6071400b9eb49de90e6806801d4b40e79a40326810f1e8283ea680314833400febd69ea722a314e06802553da9d9a8c1ed52718e280173e94d38038eb4b4d6385c0a60654fd73ebdaab0eb5667619c55553934862b0e383c530819a71f4a650018028c66968a00654329e31dea720556623914302a2e41c11571725b354c7faccf6357d4e3951421927238a4c53b3934638a044673d452a8e4fb521f5ed40e0e7ad003f183cf5a5e40e79a0e38349cf7a004a38cd252679f5a007819a51d734ca7649a044ea73514ab9ef4e46e314f6e57e94019cc79c5483d0718a6b7079ef4aa073cf4a00520673eb4c38cf4a71ce39ef4c6e0f1de818138e4719a88e4f1eb4e27271da8c66810b1af38353524639c0a71036e69811e41fc7814700e075a69ce334f5ff00ebd0021fad3198818152123a7a5301ec3bf6a006fa6074fd698c4934f3f9533ad002739e38a5c6011eb4b8cf5a5ce38cfe348647c819a08c751d69075e4f7a53d723f0a0084f5e299c7e34f6f978f5a693de80183af3da9e70703de9a073934fe940098cf34d3d79eb4e19ed9a4ce4e71cd0027bd20c0eb934bec290d002038c9a6e69c48c7b9a613dbb500358d33bd2139e69073c9a00713c7a62971c669bb810074a702a7af14006e07f2a6ee24e714123b5337761400ac72df2f5a5f5f7f5a60a53f77e5ef400d38e7fa52034e39dd9071eb49b4f5340099ef487069fdea3638e33d4d0021214e2985874f5a439ef9c1fe949ca8c763400f0b9e8690919c1a4ce31ed516eed4012fd3b5479e69dd78ee2838cf1400de6838cfbd291e9cd30f7cd001c6298d9279e694fbf4a6373400669338a3af4a46040c0a0009c0a4f6141c528e98a006360f07f0a69c632dd476a737a7a735167d68017f8411de83838f6a439ec338a55190314001c639a69058ed1dfd2a5e07bd42c06ecf4a0056461cd370383eb41c939eb814ec64654e7da801b4d38c1c9eb4b923af41d734c6c0e9fad0030927a74a0fb77e948481d4f5a711ce280138fba7bd30a64e7a7a62a4181cd201dc77a0046214f1cd34819e0714f23b53412bc1e84e68018402a54ff00fae941600f3c77a5018a73c8349d0f06801bbb1c1e9467042f73d68ef9f4e05347de0c79a0090301c1e09e94e246739e47151803827a2f34fcf20af1c500358863f8628518183d4d00fe1460e403400a40e0138c5378cff3a3a6697209da78340c3249fe94e0060e4d20c0396e3de980173927a76a007918fc29bc9181d69c1b1d3b52fdee0f6e98a0045cf4f4a78248c8e84d0bb792ff005e3b51c13c74a0054c2b02df853c386f61fd68500a9ddf41405e7750049dc7b7a56c69ccc3e6c60818ac68cb33723a7a56e5a26c2b9ee3ad00687cdd49c9eff5a461c629c39e9da9a48cfad2019c2f39fa51819c0fad1ec7f1a66dc1cee3400bf5a69e94a7ff00d74849ce050046dc9cf5c54471d39a91b27a714983f5a004ed9a3207f3a4ce72083f853739ebde801fc8e474a467c642d19cf4e4d34e7afad00252f6c0e4d20e7af4f4a38fba38f4a00507b679a4c1eb8e2970795ce68c8c014009d4f1c5183b88140e3e6148bf2823d7a500283c9cf6a8db9e9d69dd38351b67b5002f5e94d66200c0e6807a00726824fae68018476a667a62959881ede94ccd001919dd50f41b98e334a4826976ab1e4e31de818809001cf7ebde876624303d29bd73ef4d63c802801eafce18f2297277727f0a6648e54e3d3229b9c1cbd0225dc3afa52707af38a83f8c9ec7d682e3777c01f85003dcb1196183eb4c76dd851d7b9a4f31b24b73511661d68027e14649cfb7bd465ca9c93c9e0fa544ac4a9dc7f2a4e3ebc50074602af0a29fb49048ebfcea370d9efec29d1c991b64cd68488a5b385e83ad733ac267f78081f5f5ae9d80c8ec4fa5616aa9f2367bf38f5a068e62301b0c1b2ddc7b5598d8b13df07f5aa63923daae2107d8d219a0849e957e10002bef59f0fca067ad68c65470dc62988bd9c718a5562012dc7d6a38ced3ed5304c9dbd79e0d3114b50045a9917961eb5e7133056225e99c81d2bd37502af0e08e00cd79cca16794b11819efed5122a2664aecdfea8633c73edfe3556d91cbed93a28e09ed5a72ab890499017d3d7eb559824872ae0e7a71d33fd291561ca08fbc7afa7f3a7aed0e01fd45565836b2aabe73c71d2ac28638504023ae7a62802724b6149c027b530af97d0d359f6afce78ed8a9a1dc32d2720f3f4a431818365b041e9cd2ee8d5f71391f4a79dadf3633e99a5d919076f2718c500314ee6ca8c0eb4e2773076e71c546cc42e4741c54cd97393c9a0019fa00318e83fad47b77b7390073d69a536f0c7273f88cd488caa727b0e2801a4af58ce0f4e9511db19c8e8dd7ff00ad53e092005241f4a73c12672eb8cf4a7610cc7a7e74985fe339ea6a40a41c8e94d909c9d84fa628195d8863c8c7a53186ce57a31c8a73361b71e49e0534f96c720ed03d6900e0148ce3151abb00d8e093818f4a793b890bdb9a49234dbbb9cf7a00eaf4dd69d4087a1c0073c64fb5686a7e6ea36ec84e703f515c2c526d70e1738e4fbfd2bd174b114f0019c9fad6552297bc070d6d04f0ddc7b978079f7af6ad2ef736c1620718ef5cadc68fe648194719ed5d9d8a5bdb40b0af38ee6aa1553d0971b166dec85c397986e3fd2ae4b14719e17814eb438567523e9daa0bc9d96dd8b103d2ae4f424c9beb962de421e3bd411f09b48eb552dcbbb658726b47aae49e95e74a4dbb9aa45324c6edb4f03a55a5b840c07726a1201c8e99a8b6ed201a709b8b068ebe06678864706aaba02e7b7bd32d2e54280c73f4a86e6f511ced382ddabbf9d5ae65639bd7b4942a5db18c77eb5c569fa33b5c1ec8a7bd77b792cb7cfe5c9f2aa9cd0152143b005e0e00ae79d7be88b49a391d6ef5eca2f2e13c8ae19bcd9b2d2b73eb5a3addcc8d76db9b1b78f5158c5b66031c835bc2364322319c8208634e25c8c28c77a687570c738e7f3a2390a93ce49feb5602fcec72c3a0c1ed5615b299c557562a020ce33f9d58190bb58e4e00e280278544926413935a0d6726dea739e4552b59591831ec474e95dac291cd080e006fcaa92329c9a38e689d14919c7bd0013c7715d0dd59e57099cd60bc4d1b10e718a4ca8cae33f0c7d6a2601490dc0a95c9da554e0fad4457e5c1e5bd68191b0538238c77a81fa148c6ef4cd5a75e719ef9c76a85d8643ae38cf03d6802b0676ebc639c55a4e0e3939f5a88e4e24cf3d2a451e9d3a8a064a177fe1526557bd3138e0e3a5318e485ea338cd022707b29c0eb9ae8ad8feef3ebfcab9d18c85c81839adeb562542fa534267476ae3b0ab4339c8eb546d88c0c76ab9d78ab204c9cf3f9518f5a43c7140eb40808241a77b914dc82d807b521e280241eb498e4fe74236e180334fc1e99fad301bf4a146071c77a791820034da0033b791cd3572d938c53a9096c7079a004e78c76fce938fa6283ef4848c8c9eb4016e153b89edeb5323678ef50c2c707daa63d73d4d201fd391d29e1976e08e6a2cf19a3934007ad07a519c8f6a3eb40076a8e43952b9c1a7f504d31b2680200a0558c9230703155ce32476aba2da531f98071401a1a1edfb4fe39fad77bdfe95c1688409f77a71ed5df1c0e2a24520ce28eb487ae28278a918a7a519e693001f968f7cd001d6973927b6290924e7a52ae4707bd001c75c53c7ad348e681906810fcfad373c134b9047149d4e0d000a734ef7a6e39a78a0070e0d3c9c0a888cd3c1ed400e0c720535c9c669dd0d46fd319e94019571f7b1d2a107f3a9a6f5f7ed508ed40c4638e29013437ad20f4a00752e39a00c8e694f1cf7a008646c0c93c553624e71cd5c931f9d54618e9c50c0aeb8ce0735a084edaa407cd81deafa2f18a0078e993d29ac4e3da839e00ef41e3ad004678f7a074e294d340c9e38a00901ef4ec9c527b74a0e73cf22801acc01e2a3dd838a0e0f4e2a3c10681131cf181d69431eddea32411ef4b40136efc6a4cfc950a638a909caed1de802a9e49340cf6e686c038ee29a09e82801c49079a8cb63229e298d9cd03100f5eb5200322998f5a7afbd310ff00a1a5278c9f5a71c54671823da800271c0a07427d0533a8f6a4cf1f8500049ebd690920e7a520a5f614008727f0a69f414a71da9a0e01a007638a0e68a0d2010fdde3b734ccf14fce2a319ce28018f9c546df2d39f3938e78a8e8180269d9a68f5a5e9d68024c8072dd2a3382d9a5c606e029809c8a0079c0a69eb8a7752734c231400d3c63f1a8d87e54f39e69a7ae68023c03cf6a4f7a5271c629063193400d3cae0d0013ce7fc6a4241383d28c0a0065348c7b538f1d0e699c91926801c3d28391ef4d1d85290680108fc7d690827e869ddc8f6a4c7a5000481f5a80f5e4d4add48151e6801339e318cfad2601fe94b8207348391c9e94011b67073500049e3d7f3a99f3d053117f8a801f9ef4a4f34da4cf3400fddce4f5a8c9e7d682d81d3f3aaf83bb18e28027dd9e9c8a3da99d38fc38a5270483c62800269b9e734ee0f14c27039a000f1c75a4ce0727a1eb41cfe951b8271c5000493d39a61a7f207cb4d3c8e2801a067927f2a9946d1c5443f4a71071400adce0e7a5308257a75a7633ed4ece791c0a0084103da94940d953d69ae39e9c7f5a8d995467b5002b9f9723f5a60c94dab470413eb4e24e38f6a006f46a53c76e299d589a948e01a0060f4029a71c8f7e69c0d271b89eb40c4c80460d2e148dc7b52124f4a4000c91d6810332b77c1a6639cfeb4ac31d69b9c102800627a2d0724f1d4d3b1c90280406dbeb400e00ede7b5371480e09f4a5639e94001da09238147239148147d68c9ce4d0038e48a42b850c0e727149ec4538e1801c8c7e540c6e01fce8ebce69a5b28303bf5a1482706801d938f4029c3078a194a60f6e94b81d450037037123827d7a549d471d7da99df9e714ecf6f4a007f2060723b53813c014d18238a500b1c0f4a009e31cf3d7deba0b6195181c93c560c0034813819e87b56fdbf98230afc9a00b6bf5e6a2dad939fad3a4208544fc6a0c3372dd3d290006cf34a493de93a0e2862178ea68010b719148770e4d2e463eb4c04f7a0069ce7de9a70a7d69c48c863519e982680149ea7d69a4719e69c76e7d28c93c139e31cd00286f979ef51927a7a74a53c1c03c534377a00731239348707269bc9e09eb4ee46768a004cf7a188e70739e9498cf228ce3ad0020e0103a52b12bd064fbd1851db14c21989cf20500389e86a2cf38a51f8534e339ed4005213cf269010294ec009efda81919e6a3f6c53f07bf151b641a003d401d2981c7434038049ef40231923f0a004011381ff00eba45013217fc8a70c1efcf6a0600c039f7a008ba351fe7146d3fc5c50413c0ebd281087939ed4e5dad9527b5040fbcbdaa220121bbd0020524107afa50586de281cfca29a7ae3a9a0069c0e41c7ad34f5241e69d9e87bd34fdd1c5007427278724d4b1a9032c41dbd00a8890a78a7a935a123c904e7158ba9f2a41e335b1938354efa3568086efde81a3810e01381820f39abaaa4918e954658d0cdd7a1ab8ac4a03e879a432fa925d7fd9fd6b423c03ee78acd8b20f3f9d682e061b1ee45311795719e7d2adee28030c60fad5387f79caf4356fe675000ce3b50221bd03c939f5cd7037ebb2e008c6037273fcebd166855e23b8ed18af3fd4884b96453cd4c8a898f72470304e7839aa8400481c62aece72b827e954818c15854e7dcd4964eb182cb21e07714e00acff30e2a1ea4aff08fe7531f98e18838a0090287ea0647ad2f3d78e3d69aa491c74a772a33804500048538ea7d292411c4a17903b5341dabe6a0dc49e777f9ed4f32090f2bd28010f1df83c5394b03bc8c73c539959a36da706a20d20601bad0026ff31cb8e7b73eb5620b6799c0507d29b0c2d3cdb08c0cf38aedec6c9225c8edcf354919ce762b5ae9a9144095e477feb59ba83c6b20441c0c935d631c2103b571da985ce541caf514d910936cca67740303a9fd2ab9704641c906a749094c9ea4f1dab3d98bca4c6b900fe46a4dc7e18aee3c8cf7a6ec4207604f5eff00852cabb8eec9c11ce688f66486030bd08ef48070d88df283cf53da90ee43d72a69c76b3e4f23ad553cb1c1271d3340128f9495033dc8ce38ae9f4098f9be5afdd5ef9e99ae554381923af7ad6d3a7314aa5fa76c71533575603d815c79400e180a1a5645c76359b633ac90e4727a13568cbfc39c8af3d5e2cadcd9b49d00ea7079354af2efed726d4e101aac761036b609a5550806e1939ab9556d58490e898018c66a667f902e3a1edef4c185e3a7bd4649279ed591405bd39ec29cd0e541ce3d4d40c46ee38ff1ab1c9c28e83f9d021159a3388cf6ef516d763bdb9c54dc839fc2824608a2e323de17e5ee7b54370f8898bf400fe74ed85d8313d3a1aa7a83ec858ae4f073551dc4cf2cd4250d72cb20cb127ffad54954b0e0002ad5f846766e78e47afd2a826e0a58f20f3cd7a51d891cc80641c1f4a6a828412393c1fa53c038ebbb3d29bba56ca1e39a6028e4ee6c607af4a946d3807b702a351b542939fe94e8dd5492e368cf1e94c449190ccd0ca0a8f6aee2c195e01b4f0063fc9ae2210b24e081f2fafad76d61c42abfc23f5a68c6aec5f62245dca39e87dab9ad420543bcf41cd754028191d3bd645fc31ccadbfa63a0fe54da33a6ecce4cc8bbb278cf4a158963db3432a8ca7423d694ec2b955e9dfdc541d2332c7bf03b542e368f98e3d38a942fc9bbd79a8cec66c37d6801aac40f9bf2a7ab333ed1c05e6a3dac00fa548720003ad318e3b09e1883dfde9e53e40c0f438a6fce463823da9c405000e7da90870e1b951c7e95bd68c1b00f18c74ac0e4e7d715b36ace40c7a552133a5b662381c55d19c7d2a859e4a6e3deb407239ab218d39279a51f4a4c9079e94833b883c8a04387a8a691dcfd694671d68ea79a00990ee19c629d8f4e9512b907e63c5499cf4a602f1d45348a3763a74ef4d663d8e68013bd2738c9fca931d734b83f95001f36738e0547905cb0e3eb4fc9f6229a719c91f8d005b8f38cf7ab38e81aa1800c6e15211ea7a52001c1c1e94724fb1a3b63a0a6e7a1fd6801f9c0f4a4cfbd19c9e3bd0360e7bd001c530fb5389c1cd34e714010ed1bc67d735ad2dd058b647cf1deb247dec1a74876a72727bd006ee82019b730aef582e322b80f0fe7cede07d2bbcc7191512290a7de909cf149edcd04fe9523179fc696939349da801697af269bed403cd0048297f1a45e94bc502101a70ce69bb17248e2a4c60f26800da296948f5a0900e28013a1a5e334dfa53862801e36d45202466a4240351391b4d00654a72e6a2a7cdc4985a676e681887af1480739a4073cd483a6450014f2382299d690f4e7b50035b918aa928506ae103155a751b49cd005500ee007157d090b59c872d85ad15c740727d2801ff5a69c1a5351e7d4f4a001bd01a339208e314871de93bd004a319e7bd2718c520f4a53e94088cf229bb734f240fc69314009d38a0003eb483d29c3da98122b6d3cd4a4291906abf2d802a4fba39a008241ce71c5460f7cd4a49238a8471400f00670691b07fc69bbb27de9c2801381c539703eb4c660a39eb4a08600d0038e69770da41e49e949fad18e33400ded9a0fe14839a4e7a8a0018f1499c7e1e94134dcfa5002e7b8e951e39e69f4dce28025038a6b1ec285f5f5a693939a4019e734aa475c64d332c7d80a68dc0f1da801aecc73daa2cfeb52b9e7dea13eb4c05046734e38a60e69f9503140c09c0c0a6372334ecf1d29b93de900ee94df7238a773d69871de801a4e4f1c669ad8033413ff00eba4ea7d68018d8ea39078a6e694d3323a8e9400f523ad38900534102909cd00358f237520500703eb4bc9e8693033e9400aa303269739f5a00ee3914aaacd9c74f4a0076dee0f351107a5499c714d6c9340109f7a61c548c3f2a8c8005002125860f349cf41463d3ad2e3de80232074a71c628c1cd250026004349d79e94a29300671de801848c6054470064d4c466938ce0f7a008c9e7a7149b805e3a93cd3dd4608ce0f6a6ae73f4eb400995e829338a790a0e29a71400ccf34a7a669323d334d0cc7bf14c0307b530e08c74229738fc69064f39ef4804e9d01e69ddf228e077e690b6393400fda4608eb51b10723f3a7166c6139a8c938f9bad002123233c54470467d3a8a7b373e94c191d280149c9c0e9d05300f4e7eb4b839c743e869b8dc464f1eb400e20e486e0d2332ed001eb40cee62c33fe14c039c0a00771d4d048f4a4ce1b19cd3b18eb8f5c50037341f734d3b978ebefe94b8e9400162463ad3319e7919a791cee06a23d707a5003860f7cd280075e29338fbc694306c034000cfe14a0739a0607ca690e71eb9a004e7381c52f72076a52a4a0e790314808ceec63140c383c9a4fe949ce48ef4e03d0f4a003fd90339a4c63e63d053d70071fad1b81fc39a004c2b13b8d290a3a734990724504f3c5003ba9a519201a404761cd29c920d003867a014a15c9f957a7af4a0e01c0e3152c6edf77b7f5a00b7671f98f93d41e9d2b7c61301b3cf5ac7b34c60e39279f5ada3f320cf1eb4804c8393f8530f0768ed410aa302968019ee71519201e6a535111bb926801cdc73d2a1e47a52b73ebef4d200e09a004c8c7068c8a4031c63a9a705c904500007a71f5a42083cd1d3afad03a9fce80233c9e29c00f4c52370327bd379a0078eb9ce293a53781c814026801460d26e1fc5f8521ebc5371eb400ac78c7a526efe54703a9e9480e7923a500264f7c1348db4f4a19b68c9a8c93edf5a00507e6c5040c03da90f7148c36e0fb5003783dfeb4c201c83cd1d738e94d63f29183ef400cda40fa739a68656fc4e68705f0adf5e28445c0dbf8d003b767a5379039a4270703a03413c9c9eb40067df8a66d21781d682f95c0eddea33961f3751e9400e62c390714cdcfb429a5cf3fd69b9f53d7a50021e3f0a43d734b93f99a6fbafe5400a4e339ef4c392c320fa53b863cfff005a95fa75241e0d0074112abb727273818a99d02b8047351280b92dc668c951c9e45684928fc2aadd0478c124ed07bd5b527a9a8a455923643c71d6803cfaf02a5c963c124835222f1b4532f637f3f703920f5cf5c76a1d8160cbc77e29145e88103dba0ad0565eb9c77acc8d5810c0e78fcab4a2e46d3f8fa5311762caaee7ebfceae2c9b464d530a587ae3a62a640dd3f9d022672190f3c11d2b80d53092f1c127827ad7a10505704e2b80d7154dc863d179c5290e3b98ee8d229dd85c74aac143631ced39c77c54ef20299eb8aac1b90e460fa541a91ef2cc360f949dbc55acf972b741c70298022e5410b93c0f7a531ab9f98f23a50226c1039ea690165f94f4149b19080bcfa504853b4727b9a0448aaa4f3c60714ef94280a7afe95100deb8f4fa7f8d29e4920103800fad032768cbc783d4753fd6a3110284861c9efd68462a7078cf1f8d3581570106738fccd303a1d1e35462efc9fd2bac0c8cbb4023deb0b4e88f9648e48f4add872cc47635763926f525c0db8c76e49ae3b548be72631839e47a8aec9c12003d8fe15caeb29b5d9d327e9499549ea72f20f972cdd7381d3f2aaf85cb1e84e3f1a964209db21f996980e158f5eff004a93a41801c3f07341dabc0c60f6a172e72d8e9d69a89825f3f77800520024aa900e39fc6a2c0571c7d6964ddbcaaa827ad3dd70a1d803400a36a82ccc42e7814e20f1b5941ec4d03fbcbc8feb4d2323e4ebdf1408ee747ba5da2266ce00aea63e546473deb85f0c40ff003f998da3a7a915dfc5163009c8ae2adb8d13469bbaf4a7ed3d7b0a782071da9558d60ca2b0deadbbb76069fb49e4f7a98ae464f229095c1e80f6e6802111e5f7e3a74a701ce7b77a958000b6e18c535e541ce7140c4ce7f1a6950dd726982684ff00151e747bb7647e1458042af8248079aa17d0bcb0346bc31ad3377101dba55596e22c1dc4715514ee26cf33d4ac3ca037601f51d6b00b3ab62ba8d76fe29ae4244a3a75ae689590641e6bd0a69db526e4451b8da7e5c75a4e4b1c37278029edb908dc3d8523af46c76fc2b4b01208c14c31e47ad33085b6f1d71429dc3600307f4a50aa5c91c36322810fb791c49d73b4e2bbcb44c4400e3b906b8ed357f7e08e7071835dcc606178e7dea9230a8efa122ab63e63c1aa77bf28246318cd682e70090149ed597a8b95cc78fbbcfae6866715a9c94bb5dd981f9b3d051b832ec030075a767764b0f9877a8d7919eb507509b947eed7b557da0b1040cd592060f61dea0237b120f1400cc1ddc76e334f5054e0924d359b0064f1fd69571c6471fd2801fbfcb38fbd529211b23f01488a03ef539ff0a504349b7ae78a600afb8963d6b5ed643b038181df158e7701b40abd6e72bb7d29a11d6da1e062b494b376ac9b024af3c715ae0e00e7a76aa218cc6090c3af4f5a4d8720838a7f2c79e78a681c807f4a6203b40c9201a520e383f8d354f391c81ea2a42dce40eb400e119e0673914bb4e39e0e6807038ee28391c74cd3010aed193d29a31dbf0a9dbeef1cf6a8d87718fa50047de979229bed40eb400738c139a43ef4bf4a4db9183c5005b8480393c55822a9c5c122ada301ea714801976fb8a6951fc38e9d2a43cf27bd4781bb2c3a5000a40196f5a731ce08e734165c6c0383c734df980030302800c1e9c0a43922978cf19a631eca280180a8627920524854fcdd07614e51bdc67a1eb4971098d8a81f29e01fad006f78747279e6bb7cf3835c1e8593328ce2bbc24ff09a896e520271d68eb4b8f7c52100540c427069c39ea6938a5c803814c050714527618a3f5a007838028cf1499dd475e68024539e6958f7c5229028cf6a043d4f14d638eb4a38fc68c7a77eb400983eb4e5cd3083f7853c7186238a00527d6a36191d69efd6a139cf34019b37decf5cd47c8e2a49f96f4a871ce4d0317de9e29bd6948efe9400b473f8d252e71d28010e0726aa4e493e99ab2dc8c1aab37af73fd2802bc780d918ad00d8e7deb3d4e0e7d6af2642e4d00c7632d814c2473ed485b38f7e94840ed40809ed48090690e475a7a2f4c9ebd2818f00d06804038f4a434084e71ed4ce718a716c1a69cf534c06f4e29ca7b0a4c93d79a4033cd003f9e9de9acc4fbd2fbd308ed400d624ff00f5a93dbbd38e3afad34b0a004c734fce38cd30d07ad002901baf2293bf1499e31467bd004b8e38a616200c1e9481b19a3713c9a0033eb9eb48c4af4a3d8f7351b9e76d002eedc7de94f1d7f0a674e7a51919c1eb40012075e94dddea78141f7a4201e1a801c0e3a1a766a3271c839a50fc5003b767a519001cd20c1e94632a690103124eecd3739e694b1539a67f9fa5301dcf3cd2e69b4a08c5002fbd333cd3c73826a36e4f02801ea7b518ce0534038c9e949ed4862312bc536971ea690f1401113d734d248ebcd3c8e73eb4cc03c1a005ebc8a0f079a783c1c5349f5ed400c233c5264038c75a539c1c0e68efc9a0076d029037b9a767239fa5181dfa50029e39a61efef4bb4f53d0521e9401115e69a69c73de9a483c8c67a50037a0eb403cd29e29993da80039c63f2a520e467bf714a4903140047cc28023e31c7e74d3d78e09a7e369f4cf6a3a727f3a0069248a423b1a064834c230700f1400d24f414d3e94ec80719fa5213400849209f4150fcc5f70e2a4e7181d0f5a438c63938e98a60048200c7bd21c8e294636f3d470698cca368fca801b900f5f7a07ce724e00fd69fb57852320d444638c5003b2075e7e9467d79f6a419e94e0bf95002282bca9c535b93d6a42c76ed1c64f26a2385381da90098e7a66a33d49191f4a5ce7834df9b9c1a004767278fc0d0003f503141248f6a6fcbd0fe7400fc1039ffebd444f43d3de9c59fa75f4ed484720f1f4140084f2093d3b52e72727bd394019cf4a4381d31400e0db7dc5444f3fe78a5233c0c64d07b8a006ee207071ef4c1c9e3ebf4a7107d2901dad9ea0d002e01c1f7a561d48fce9a54e07739a30072318feb400fea06075140c0e0114dc923e6cf1c7b5030a45003ce7033f8d3739f7a45185e39c7514996e40e3140c71c6370c8349cfe549bf3c71c500807140127e22850a703d0f5a6e09a31cf1d8500291824039c51c9048a4008e94b8007d38a0076f2be83df148acdf9f14d20707afad3b91d39e68025047434f53f30f4a8bbf3eb52f048039a00dab3465c638cf1d2b4998e76d416484a73e9d6a77237e45003092460d1da909cd358fa520149ef4ce0fb52839a66486e1b06801cfb063351903a9a4e4f534609c9a008d58678a973c739cd338036f7ef4bc1e9918a0053db3de93271c52310393dcd34f4e38a0069181934831d0fd69339e4722940e7b6450028f7eb471d690927d813cfe143119c0e2800c9c8e3bd21f5a29b93d280039ef47d7b51d7249a4edd6800da08e6a02a59b675cd4d90bcd332769c77ef400d3d71ef8e3a535dbae79229c7a63af6a66173cf4c5003067838c5376f3b81cf18c66a463919eddaa25da01c751d0500309c76e9de8dc50fad1939c0c8f6f5a68c0181400bea40e3b533a9f9b9cd4983b71f90f7a6853b32c79f4a00698f0bb948f4a8b93938a95f91b470315111e8493dfde801580c600a4230324e1bd2824673d0e3f2a63804ab376e94009938de304034debc9a76187208fc29bdb8e07eb400339da41e83bd3b2ac8a474233e94d0382dc0f4a42d9c64d0074f8c9c920e69cc3f88f61c8a817727b62a5c9033dfd6b424702704e28db9561eb4815dc9e0edf5a097504e71401c5ea91013995b839c0f4c5538faf07dc5696aa096c7563587136d6dbc71d0f7a4346aa13804723be3b55d8d015e4d66c44038c907b5684470769e7e94c0d0881c6d538ab63a63a9e95523f5cd5d8d46dda7b50225424a1181935c6eb71aa9887af35d90032401815cc6b88cd82a3241e7da94871dce46564dbe663181d2a88c95faff3ad46e14e796e98359e00ddd7071d2a0d063a46a549e4f6a94e570c475ed50249b5b27a91528666381cd005adcb82633c9f5ed51b839014fb93eb506364b9e83a735648e001c122801837061c75e79ef4f4d89897be31ebf853f0f8014f51dfb522c7b5767bf07de80062adfbc51f4f7a083b80e841e3daa464206d65f98d3115892a41edd7da988ec74c3951bbbfa7f3adc1842703e95cc69aef1b000e7239f415d2c5851f29f702b43927a3242c7047ad635fc79ed9078e95b04123a71d6aa4f186507fbbd8d21276d4f3dbe8d436581e067e9ed5543aa8ca727f3aded52391f7fcbc678fc2b9a28dbd8a8da7ebd45433b232b96b7f555c119cd46ac81b711cd2641216420b0ed560464b64f19e0fad21901387cf6e833e94856519dd8c13915a56da65c5d3e42965ec7b56ca6833bc7fbc3839ab506cce5522b76724c70a719cd47196cf2a79ec3d6bb19741711ee007b7f4ace934790701c023b628f66c5ed62fa9afa55d45691a0079eff8d7510ea5181e6330f979c66bcc5f4dbc2a76b1f97f0a3c9ba41bae1b0318033594e8a7b9a268f4793c4102b1db83e98aa92788a2d9bb771d0fad7016d0cd70fe4a139f5ae8e1d04baef947278c54ac2a14aa28ee5d7f1412b9c118ebdc9fa5403c53952e38feb8a8ae744f2230f8c719f635c8becdec91f1d719f5a7ec12d2c384d4b5475afe2965198c6370a626b7793b7c9d4fb74ae66de15bb91638d793d7d2bd174ed2d2da1f9464fb8ab8504fa1156b2818125c6a81bcd53c376ef59b2eb1771c855db9f4c577d3a451c2cec002a3f0cd79e792b7d7a49e06efc4629ca8a4ec442af32b9620d43509df7aa9c13d474ad910ea132e3b36738ebf8574165650c118f940246735682aa671ce0fe55b470f1b6a633c43bfba719ff08f90017ee79fc6ac47e1f560491cfa115d88c6df5f6f5a0f04051dba56becd19fb791c7af87c6cc15ce79eb556e349f9360001e9cfe95dcf28b807355268d594fa8ef53282b0e35a573caee23fb37ca477c63fcf6aaaabbdc7967af5adbd520fb44e53d0f7fe82b4f4ed256121df93efdab1475f3e858d36c9618d5c8c3103b56ca80393480e000a381d29e5c105988e299cf7b88cdb54b1ed5cc5f492cd2158fa00726ae5d5e79a4c36e0939c66a786cf647973f363241fe94997176dce59d4c7f2934d208039f7ab37e8c92ede81b9aa4c73ce702a4dd3b8f271cd2055209e98a466403820f6f7a404f4c7d690c88a80dbbb0e99a4503a114815f93dbb0a5da40e704d004eb82319e6973b3a0a8d8151c75a0127af02980bbb77cec7157607030473551bee6d038ebef53da80aea0761c5303aeb0c920fe55ae1411bbbd6458b13f7481ebf5ad7423273d3a74ab33607eb46dcfe348c31de9b9c81408978030293a73eb499e327b526768c5004a3b7a8a701c8ef51afad38900f23a5301fc0f6a69e720f4ef4ede36f3de9879f9474a0084b8dc17b7ad3b23d6a2c1efd69ebc9c5003c609c1a5c63e9498c8229391c8a0096300e6ae0eb9c63dfd6a9c7d4e2acc6d827774ef4807923a9eb48338c9a5e57b54664e7005003b3ce28ea40c5377629df5a004c8e09c81d31436d230294918c0ea6987e5ed400a926481d69f793798a3daab2b7cd9a5913721233401b9a060cbb98577430474ae17c3a32e7fad774b90a327f2a8914877d3a534d2ff5a6e73503141f6a39e8290519cd003bfc690e2968a0001e3238a70392693dfad07239a6048b9c8a0f5a62faf5a79c9a04381e697dbb5314e2a4c8ea39a004e0e71467149c738a3bd003bd8fe751b0c0cd3c535fa60d00654e7e6247e1500cd59b8519c8aac2818f029d8cd3452f4a0029324529e05349f5a004624f354a6fbdf855e39c7e15426f9b9c74f43da80189cb00d578671903354118600ee6af46400062840040c9228e3e948490d4a781c8a043580038cd2a2f66e9da9ac49ef40268025ef4c63862290e49c0ef4e3cf0298087da91719c9f4a091da99d39a0046ce7d8d28c03cd1c1eb41c1c1a00075c53739a4391cd263d6801e304d4471bb2726a5e31cfad46dc926800ea4734d3d28ef48703ef0fce8017d075268e326981b07f951bf27a74a007e7d29338a0f42c7b74a8f39e40a0094bd4648dd9c7229bf9d1d738e6800270299c9249eb4a4d1d6800ebc7ad0319c1ed471d0d1927d38a004da0ae3a521ef834a4a8523a9a6a9c1ce3271400e0c41dc39fad21c1eb403da9a79fad003081f8d3571fe34a739cd25003b2073475383494638dc4f4a007640a601c640fad2f278eb487140c78e8298d914a0d309a008c70327bd1ed4f00638a6938e3348069a404919ef48e7b75a4cff2a007a8c9cd0c4002a3c91485f925b8f6a003bd2f7e6807f5a5f6fce801463a8a75376e0823bd3b91d68006c5319976e00a18fcd9a88f39cd001c6726908edc60d193d6933c83400cf714019233db9a338c6296801ac72416ed484e075a770320d333cf5a00703dcd45df3dbd29fd3a77a0e7a0fa500349ce71d4d42015ce6a534c3f5e6801a48ec290f3d69dd293e4c6450034fa77a6f6e690e09e9499ec319f4a60349e7a7e54a09c803918cd373d89a72f6e2801d81819fcfd298c09ef5274eb411eb40118ebcf6a1b8ce3914bb33f2e40a63164048e68010f2393f5a612ad8f5a40c3b8fad248519729c50026075c521cf3ef47ddf7c534b0048c64fb520138269701882ab49bbd3a7ad277c8a005e0e49ede9eb49c8c9a3006463ad0abd001c8a007023a8ed4b90c093f4a68c027b67d29300f22800ec1476a4ec68e7bd26450021eb8f4a6f7045193d3d29463ae3a5000321b1eb46dda78a5386c31c0a31fa500286ca1038229a471d304f5a36e4329e3bf14dda7692722800208e0f140214e09f7a324a9c9eb4e038cfb6334008513271d4d0c463f1a43f87e3484303b4f3de801c0e0d280c738a6678f4a5c2b2e1863dfda818ece383f4f6a5c1278e94ddb9c60e36f7f6a53d9bd3b5003b9c0ddeb4e18c60f4a8c13ef4f1d33ed40120008c8ef52229de19bd7151a1c2e075f7a9e15cb8cf24e31401d2d9bb2c2011807a8ef4ec727de8890a8e704f419a01099cd00348e703b533009fc29f80cdcf0319a69dc38f4a40330074e7d69a5437069e7bf3cd479c714009b48383839a69214063dbf3a701dfb9a63000103bf1400c04b738c7714f590fbd26401b73c76cd37a704d004bf2e33da980f3f2f6a69cf4e83d28c0c75a00424e39a4e73d47d7d28e3349900edeb400f3807181f877a6e4720519c7381c52646ecad00041ee7ad07a163f8534f0338a0ee3c1f5cd0000f19ef4a738e7f4a4e01e7bd30e7af5028003ec299c6ee991de94f5c0ea699b8678e4e71cd001b81c8073ea69bc81c7e74f6dc4eec73ed4ccd00329a4f3807f2a5241071ff00d7a6955500d0035b919ce3de933dc7d4e695816f917b8a8f6b8396c71e940c1b24641e2a438e08eddea239236f63cd0dd0a8a04203b980ce40a5609b4bb37e1de988bb97763057d29170dcfad00216017728cf38c7b50d9cf4a991770f9718a81b70620d00260707183de90e09c75029dbbe5f714c63cf1cd002633c76a6e00503af34fc153ea3f9d464e01cf3401d113dc91c7a73522b520c8e7200ed52c657ab0fc6b4247162138e40ec29832d19278f622a7047dea8ced04b1e00feb401cceb316c4c81b9876ae610339c80077aebb591bc572aab223919fbbfe79a4344c246322a11d0d69c590727f2ace8f2cf9238ee6b4630780a718ef4c0d48b6b753f5abc832401c902b397079fe5d8d5e527002f07a6281137500673587ab83b1b1d48ade45cae13f1ac4d64158f0bf8d0c6b738820152bf8fff005ab3db742db8e70dedc0abac7e62072475aa2e0b2f979247735068350c2181192477a9957386e84f3f854416327009e9c1a94155400fb8fad20272d1be48e471c52f24fcdcf1fa544854a82be9cd4ecad1a962bd0727340118dc101190074cf5a7aa739dc4f393ed4282464d4c061473c9e0d00202013d403ebfe3485b230c7ad386f09d38f434cda397dc71d00f4a00bb69279729c6ec63b1ae9ed6e0041db77515ce595a995d54b7bd6abc6d08cb71568c26933a44656194391d7ad35d0e49eb9ed5936b7381efd2b40c9b801bb03b5518b4539e012aba8e7d01ae56e34f9b0c71861cd76aaa54ee3822a396d43b727ffd4693438cda3cff006146e57eef04d6959598ba9f6b0c81ce73fa56c5c69c0f2791ed5534e1e4dce14f04e3df1492d753773bad0edadeda386258e303a0c9ab3b23ea052c49b9036eced155af2f21b48b7b90003d6baba1e759b658043290c320761513c768e36ed04d72173e2105c84271ea3a52dbeb2f2c81501df9e7e959f3a6ec6deca495cea8dac0c0e3d39cd723e2358d556345e79248ef8aec6ddbcd8c1618fad71be241fbc201e4f191d689ec149fbc49e1e8e309e63118201cf7aeacec298515c6f877e4400723a63a576d91b768fa55c762710bde32f556db6b82718041f6af2e97fd6392304723e95ea9a927996c579af2fbb42252a46368e78ed59545a9d3867a17748da6e831e4f51dabd3e37db1a90739e78af2db36489d48cb16c73debd2b4fded003c9c0e6aa9918932b5cba74898ae071cd71fa6293741cf463939ea6ba7d70100b20ce7f2ae4f4d9156ef27eeaf526a65f10e9af74f538f1b141e3b629d803807a7427b55686e23319724703a7a57397dafa473794a776dea456ae491cca0db3ad382070334d2d8607f2f6ae7f4bd405d1de33d33934dd475536a71d40e49a39d5ae1ecddec747d471cd40ecaa85cf5ae7edb57321ddbf835a973771a5b10c7048fce939a686a9c9338eb8914df9ce7af51d735d1c38740c0f4eb5c6bdda49798fe2f53d2baab36fdd056eb8c60560754d59169e55546cd61cc26b82232303dab7305c73d3d69fb004da83a734ccd32ad9d8a42379e58706adcb165377231c509c0c038c524e4007272075a0472baaedf3804ac7703ae738e6b43509d5df0a0e09ed59a5548f979a8675c761cc0b802318a41b95cab0c01c52ee39cf5e29233f2f273f5a431b292301475a687cf352ca5970461beb518e9fed1ce73400a70d83527cb81838a8d1c2f3d8715200ab83c05ee7fc680247c271cd4b6c09209aa6fc648e99fe7562ddc2c8379e076a680ebec8a6de38adb450ab9ef583a7e08515bf1e0823dab43362308f82fdbb520c7040a08dc707f3a45191814085eb461b80d40cf2052120f039c5000a71902a5cf031d3fad42a7a11f4a97d33da9812120e6a36628c180a5c1078e9de9cdb40e6802039f5ef4a30bf73bd20e7028c7cc7038cd003c0c01484e783d690fca714dc82703ad004f111939e2ac01eb55a2e0f5ab83eee7f5a40273800d0472052fbd212411b4e3b0c500346ec73d4518e72281bbbf4229e28018392b8a42734bb981e9cd1d38f7a00acfc0ad08a3736e48edcd517c9c91d6af4572a91851d718c50068787ceeb8c11eb9aeec9c8ce6b84d10913823a1f4aee09e303b5448a43f9ed49b452a9f9b9a7b60e2a0647c0e94d233c9e283c75a33ce2801783d6939078a5e94808073400f0696a21c734f0474a60386473da941f5a0ae39c8a3da810ea774151e79c8a5cd003beb4a334dcf19a01cf5a0093927029ae46714a083c8a8e43c6280336790b3e3b557e9c1a748067069aa71d4719a00901f5a71f514de697d850007d29a47a8a527b1ed48181047534008dcd52b95f9b777fc855d272081546e30c4123a5032ba0e80d5f527f0aa4a39073c55b0d8e3d2801dc63de97dc521618a5dc314088df20e29ea31c9a66734f5e873400f183d2a36c29cb0a7f503b67ad2ee1d07414c06951c6299d7bd38b74a8d81edc0a0076d14dea79a5dc48e69bf4a0043cd20c5049c52e6800e4f5a4607bf43e94a3f4a6e79e280187a75a4ef93cd38e3d6987be3f2a000e09ddef476e28ef8a3773400e048a4e87de909ed4d2401400f2db8f1511a519cd26472450027718e28cf1b9ba9a0e01c919a6e4f4eb400eedc528f4a667d7a5381f4340010bd87be3de9b4ec8f5f7a6e450027205358e4e294f351f18cd00274140e714632720e3140c0393400a38efc5283c647e94deb914a0e381d2800c903029a33d3f3a791c75a89b83400eea29a49e9499ed4d2dcfa5002640e9cd0d9ebeb4bf3038e28c8c1cf340c8b9ed4bcf6a616e71d29719e4751400bc8e33cff005a80ee6c03ce0d4e7919278a8c71c76a0078cf4a7e074ed4d5a931e94008707afe140707e5f5fce9093d7b54638c9ff38a403ba8c9a6fbd26e19c9a41d4e28003903914c38c669e49e869bc7a500333dbb534d121c74148bc807a1a007751cf1403fc42839eb4873400a707b63e948719ce28c8ef51349b7a5003c9e0e2a23cf1485c118eb9ea6978ed4c04383d3b5479c66a5e3f3a63e319f7a008b39c93d28f6a70f4a61e0e0d0014371d79a4cd3b8cf1400e24000743de9a09ce3193477e2933f3027a0e33400fc6570719a85d463db352903af53ebed4c6e07ad0043b7031ce69878e4d48d827d298dcf07b500379ee7ad358fa714ec9380dd7a521c7ff5a9011a8f971fa5281b792727fa538e01e062900c64f7a00765b9e6819e87ad203c66909038f5a007b127ebd29b8c0f4a69e41cf341da0ee3c1a00092463a507db3d3b5276f4a69cf51400d2a4014ac79c8a7672b8f5a6903de801412c32bd7d281db0393eb4a8c814f507349cfa7d29809b413b8f34658ae477f5a4dcab4be613c28000a400412428e8281c714d25b6b367914808db91dfa500211b973e9e94ee768ddd6972338ed49f43ffeaa0032464e78c5191c518ce369ebde8278caf71cd000304818cf34bd319e3d697a7069324a8c0e7a5031c368c9cfd29407c060793dbb52723f3a78a007e7823f302addb90d280782071f4aaa01c633deb42c6352ff0036383401bf9298edc0a6f27240e3bd4afb81c31fba393511ca8c2d201869a4e29377279ef48d9c64500267d7bf4a6134303c6de4ff002a42c1460702800246429e0d309cd39b006460e7b9a8b24fb7ad003fdcd21271c714dc36327eb464724f4a005e3237669bba95bd32691805e00c1a00518c9ddfa5348e41a7fcaa31de9a781400de393de973ea7349c77a003838e94009ce3149c93d29a5fb5073d18e3af5ef400a5b2c14fe74dce48ed46e1c70718a6673da800ce1ca9e9eb4648e4f349f5a5c022801a589ebc521e06695873c534f23ad00213924903351939e9da9d8c8da0e734d71bd303afb50021381b40c66932cc2931900727f1a186dc007af5a0627d45275fc39a0ef3c0a6e4e2810c660c49538a527ae7f4a520f45a8c1cf0d401223e01e7e94dc820f3cfad37953b47346c63f78f3400d200182690f407f21ef484a8e01a46c1e075ee050038a9031e9d2a262b90738ee4d3cb638ef4dc1c60f5e9401d26c1f758e4039f7a981c91b7a546aa36f1d877a7a6319ad09243c6052f5183f9547862477a72b853c75a00ced4a3529caf38e7d315c4b0d8fbbbf4fff005d779a8466788b1e0f6ae0e5255c8230d4868961c0e08c03fa5694484101bb0ac952ac4237f935a702f4da78a60cd38ca9c1e79fd6ae4439c004e6a9a9f4ef56a22471d7e9408b919e303f5acbd54b793855cee1838ed5ac0818cfe554af557cb3b47ca7a1a00f3795c26e56e0e383ea4d5273bf2bd55474abf71681dda42718e31e98acb7da0e51f9cf6a86682028d20ea0e79e39a9e5454700721b9cfa7b535016f7e7a9f4a16362db54f41486594551c2fe75360c91ec7fa8c5442350bb4123eb4e1800e0671cf3de8025dbc01d3d87ad1d0d3388f0a73927fc8a4542a4f503d3b5004d840a4b1350b9c918e3e94f7cec0c38cff2a6639e0e706981d168fb59f7738e99ae82e2032465a2c7e3cd735a54adbf6a8e477ae9c3e63f94f1568e6a9a33276320200c63b556f3cc2496c9ff000add0b1b2e7aee1c0aa92411be519339e299098c4b99186e033d056aaa6f5ec0e39aaf05b2221c743cd59fb9c77c7f2a426549891190a73deb8e49960bef9d8fd4d761363cb655c138ae1aea07377b9bf84f4a4cd299dec1ab450464b1c923a573178d77aa4af26495fd2b1cc84caa5c9c1e38aefb47b646801006e1e9571f7b4149286a7072584ca04710ddea7b66b7b44d22449374ab8ce0fb66baff00ecf8bcd1c6dc03f9d4d10895ca87008e9f855a824cce55aeac4c89e5803ad717aeaeee5bd48cd76ccb91f2d737ac40bb4b7424629cf633a52f78e5f4994c2f81d09e07d2bbc8650c80b719af2bb791e394a1c83babd234e7125bee233cf7a9a66b885a5cd09a35910e0ee07919ae2efb4b6791b72649ce4fd6bb807e518e9dab9ed5351581369383d2ae6919d26d3d0c2b1d1caca3cd1855009e79aee2011a46369e3fcf5ae162d759bb7cbeb5b1657af39538c03c922a20d6c695a327ab2eea503c8a4b0f9715e793b7d9ae7681b73e95ea972018f721e6bcef578d0cc180048e80fad151750c3cafa0f9b597483ca8ce0b0eb9ac3590cdf34cd9038a25dadcec0a31802a0655f2ce6b3b9d4a291dd68422281738caf4f4aabaec4aac0b1dc01fcea7f0d8de0c850e000307b55ed6ed4491b7cdf7ba8ad1af74e7bfef0e1e095d65e32307356aef5233909ce3a673599202bb867ee9c75ea2a35742700fe5589d36264556b80b91f291cd77d6aa7cb05bef570f0f9693c6c7bf02bb7b75f9477c55231aa5d3845ded9033d6a36980249e9eb4f78c48304fd71555e1238ea4f14cc471bb8e31b89231d3eb5897ba90721233c11c9ad3fb18c1327233c8e95cedf2a2392b8ce7a526cd61145299a593386c0fe74c0c3002e79f4fe94990a493c7d29e010173fa541b8d6183b4838a76df97dbd298ee4b818edc538f272381ef40119dccc00a5e83e7e00f5a7f1c1c7af355d8153f3720d004d10401948c9ed410449863907b518007c9401c61b926801642c7040e01e31e9fd690111ca198e40ce7d6a60640bf2f6aae01ddc8ea6981d9e98dd187703f5ae8d06d539e2b99d31946d031938c7d6ba32413b89ab466c47cf6e94831d29f9c0a8fa1a621e339205372471d0d0060e7f0a383d4d0011f39048f6cf7a786c7e1ce298a475239a93a1dbf4a603b70350b1cf4ebdbf1a78e3819e68281464f268013249ec78cfbd1fd7b529cf2077a6e194500275c9f4a391cf4a728c2903a77a42a40cd00491162d8c707bd5be4719e2a9c65bd718ab4a588e4e6900fc93d69878ebf8d38e00e49a5e48e7bd0034f1d3bd2e7de90673d73471d168014f4e29a70bcfad2b1a42176e7ae6802176e3eb55d59b7a8538c7ad4f20f96aa8542d9ce48a680ecb4b0aac33807233f5aeb866b8cd2d79dd9fba462bb04c6dc67359cb7291265b3c504b01cf5a338e9475e6a06041ee79228039a3a50738e2801c698c47e341e3a529c500267bff2a78e064d467afa134e1d38a009188c6738cd27d69b914a7af14c42e69ead9e0d45e94e5eb400fee69bcd498029ac3be68017b629afcad14d7e07d68032e653b8106a3ef56651918aaed400027bd3f27391519078cf4a771dbbd003d88a8c9c11eb4e3d09a87249dd400e6e17ad5590e78eb5648240aacea55a80235ce770ea2a6dc7a9eb50fb0f5fcea51d73e940c7838a29b9e69c0d0206e294139a692297bd003b711da824934de3b5389c743c9a6030e7b9a09f5a3eb47d4d0021e29a7f2a5351f4e9fad003b3cd0091d307229bc672297bf3cd0044eccb900f6a45941e48a7b03c03cf355a4505b72fd0d00582cb839eb4c24120e48a88386ebc114fc83400f04669495eddaa3073c714a4f1400e249c9ebfd69a7180714371c9a6e70781400ecd21f5c7e146e18e3bd37763a500264f45ef4d048a063a526d3e9400f1cf4a06314d18dbc75a72918140075a616c539881d698482314007538a69a53d71ed4dc7e9400b8c8ce7349d4e29391c0a3bff2a00527b9e947438a4e838ef4de2801e4ae324d30b64629300e69a48039a0076474a4c03d4537b73cd23127a5003f1b41078a693943b4e714cea32690b11d28013193481fb52672314718a009323f8b9a69c1e94dc76a3eb40c78c0eb5212315164f5a70ec2801c0e4903f2a80f071d6a7ce23602a0041e48a0038e94a339e39a3824914741c500212071eb4c27230b4ddd9c9eb8a50541f98e2900640a4cfe94360f1da940e7028013148d9e83bd485318a8db39eb4011934dc63a7434e39ef4d2dc605301303ee918a7e001cf7a61393fce9af92013cf3400ecafad32453b723241a6e783c75e3141c923da801a15b1c534edcf3ffeaa733eecf247bd300e09140099e71de9c2a20c41208e054c0700af5a000f1eddaa308d9ce78a3273cd018f4a009b0a7e51d08a81fa915207ce7d6a07c93802801319e4d354fa75ed484ed383d07a503700491de800ed9eb4d3cf34e5f97834d3e9eb400df6a50075346320e38f4a51c8e71c0a007601eb4857be3f1a5c8c7a669c0839cf5c72290109001a43f3601a0eec678eb47d2801a58b71d294e491dc114e253692c3a76a4182bc74a006e39e78f5a3a1e29719e3f1a6123381400b8dc70453769dd927a714b827a521391d39a603b24820639eb4c04fe14ec02327b0cd3413c1e38e6900b8dcc3f4f7a43c139edc714aa4f273d69b919c5003c9eb81c9ef4d239a0938e7a51ba801c02f393834d6e029539e7a52638fad21c741d0d00381c72b4b9c8c8fca9832debc53d188391cd00395833e31835260eee95092c5b703ce6ac138e450315700eec7e35af6484e1b3807ad6428dc768adeb02563ddb40e6802f6ece133903d68c86507be2a30c0b12467d2973c74a4034f5a68614ad9ebd2a027271fca8027cfa544c4ff00152e091e87a5478ed400e0154647d6a2c0e9cd3f9380dc62a3dc09ef83de801fc1a6b02adcd35b0303bf614d1efd3f9d003f238c9e734ae77104714cc1c718a507d38c5003baf3484e2979eb48c371ebcd00373da909c0a320f00d2638cd00376827775229a72780391d69e7d077a6e30700f5eb400809e3238a4db924838a570cbf31e4d34872303a1a0067503268e833d053dcede0727a6076a6918201e73400d19279a5240349d46290e31400dc963e94c2694b11914cebd681921c763cfb54606396fd29cc00c9151963b483cf3d6800049e9df8a32dd0f34c39230bc77cd3fd88c5020c80fc9c0a42d19ce067de9a704645285ce7039a008865477ebcf7a73b919ea3f0a5c60631d6a3277a00c304e68022181f375dd4ac4139039f5a3614f98f6a0e3242668010e4b124f1fcfe94a319e3818c9cd391577631f4a648bb5b20f278c50075407cb823834de9ce38a93719011d3b7151edda7af15a1238364f2b4e5c16200c5206ed8faff8523052d9e94010dcfcc0e306b85ba23cd62ddcf7aef65ff54c48ea2bcfb508ff007e5c7240fd690d12285206ec1e7f3156a3df1e0e78acf872700d6829538206477f6a6335212ccbe95a11120952700f4fad66a6718c91f4ad1889039c5022ca95ee79ef515dc6c60f91bef75a95547e14db940d10009e3a7b5023ccae037da1a2424939e3dab3e6876ae40f98e4902b66f14ace4374ec47a562dc6e763b1b9f51e95068803b606de78ef488544ca0839f5ed4c52fc4472148e08a9228a40df3bf41c7b8a4334507eec91d41e28edb48cd4582138e33d00a6a9772026739e7e940161780075a59013919f6e293ce5527fa5037670fc1a0089a47dca8c33e8694ff00740ff0a0945efd298656ddc0a00b76b388a505bd7f2aecad670fc1381d47bfd0d700cbb8f1c679cd69daea4231b589e3b8f5aa4c89c2e7700063c1ebebfca936b6ec01dfe9c5600d4242378e7e9eb57d753595021041effe15673b8b46bfcb8eb8c7414c9083818e7359825925215339cf5f5abeaac029239a44913a831961d6b8dd5626572db88561c7d6bb9e08da7a1ae6f558420cff007b8c526694dd99c9aa9120dac70bc576ba45f240a096000e39acfb2d30c8a18751d33cd4575a6ca8fb40fc29c535a973719686e6a9e238b1e545cb9ee7a66b1ecb5391a5cc8786f4ef588fa6cb2cdb4939cfe15bda368ce92f9930040ce31569b7b92d4628ee6d6473080411e95475851e4331f7e9ea6b4221b5401d00acdd558341b7b1e2b496c71c3e23cd7e63741718e71f5af46d314adb2eeee01af3f88f9f781a300ed39e0e315e9d1222c2bb8d453dcdebbd09474e95c6788102812639ed5dc8552a79fcab85d7e58d7280e0ff00855547a19d0f88e4a3da4e15cb7ae05751a11977f94402aa6b978b276041b47f17d2bb3d04c56eacee41ddcff85651dcebaaad13abdc5a3f9bef30e9e95c56baabc9fbcd5d14da9451fef65201e7ff00ad5c0ea97fe64adb49c839fcfd2ae724d1861e0d3bb28383925bb0e95004663b7b53b25882c33ea3bd465c8e538ed83d6b13b4f46d0a558a0db8e4e323d7356b599a16808c019079ae02d7536b770220c71d0d497ba94973fbb20e07f935a73e963074bdee62acc8b82241c9e9f8d42c8aa06c5c0a962492401d72d9fd2ad35a631e603b8d66742894124d8e0e3073deba3b5d4ca4780011ebe95ce942098d7fc6b422b22e8015200e7d284ec44a9f31d541a92b120f1fe3531b98fef66b8b9a2963937a921ba56d5ac52c91a9938c8a6e44c70edbb17ae6f5821588e4f435cc4a25772ec3ad7502de3e0934e92d237194c0eff8d4731d2b0f65a1c922348c6360140ee79a6c8e779523031c8ad2bbb61136d5e31cf1ef598438258919cf4a662d5b41c8437000f97a5341cd34b6edc7040e94fd99c906810b9e3047e748471d29c4633f5a8be63d38fad00386c50477cd387ca41c7b542e76ed1819f5f43531dc073fe4d002c9feac9cf4a861467c160704f434ec16044a383d3fc6849886dac33cf51de98ceaf4b3b46480715d2c782335cb69afc8ee335d6a905001f5ab467211cf18150639ce6a738031ed5171d474a648bc6393d3bd38e08e299ec6804118f4a005390005a1549e4f39a696e69e8771040e94012818e0d2119eb4e3edf8d2608a60308c1a61200c9a79e7807a5215c80477a004048eb4e39c7140ea41a4f63400a9f29cf5e7a55ece47afbd505386157d7eee7d290084d04e0d26e07b114bf5a006e31fd69cb8279a4009e8297b73400373c0e99e2a22c40181cd4bf5a6375f4a00af263f1a86300b6e5e0fa54d203dba52a212c0fad00745a491bb07a5762aa00f96b82b6944328c77ee3ad7736e774418f048cd4490d163e94b9c52f7a69c019e95050e193cf4a4ce38a6f519a51b81c9c5002f38393cd276c7f9141e79a33c7bd0025380a6f04d38668017349412474a43e94085cf19a914e7a5455221a00909e69bdb2052127a528009ce6800e3f3a8a4c1391dbd6a43c1a86438a00a936464d5627d2a794e6ab16238ef4c05cd385354e2949ebdb22801d9041cf18a87dfa538903e51c66999e30064d00296e319e6a1390703b8a90f72b8c9a8c9c9e6801a073cf5a5a09f7a4254fad03241ed4ec0ce4f6a8f92a4538b377fcc50206cf6a76727dea3e739a3e94c0949c53401fa5309e4fb1a701c73c0a0041c8a323a520c678a322801cdd323ad447de97269a4e4647e3400d23b52f1da984fcd8a766801dd2a27f4a7671d3ad465bbd0046d9ce31da94f1d38a439c54781bb683401306dc39e714ee71d6a251b4629d9e00a005048c9a69c52d0e4678ff26801a49a4efd691b20827814de719f5a007919f97ae3d6823b139a8c12694120d0028c0c8a760edcf34879e69b923eefad00398edfbc290edc6477a6b1e734c2c68025efe9483938349d304519272476a000f1c5349c628249eb50939a009324f6a538a6739c1a500938ef400a4f1914cfad206e0e68fa7514001ce2909c8e3f0a29a781f2d00275e29b85279e69690119c7afa5002e39a70191e94d3d38a0d0007029297af6a6673c7af7fa5031dd39a729ee2a33b7d680c40c0e9fd68025c9e9d6984d20739cd20c7e7400e273cd3589e829380690920668019f30c2803f0a76148031823ad30720e29dd4d00213da9eae02f4151720f3c500e47b520270d9150bf078152ee2a8c31c7ad42c0e703d298111ebb69bce4e78c51b41ea32693692338c0cd002e71f4a41fa52679da783f4a3d49eb40080103069a4e0e69d9e9efd29a4f7a004ec7b638a40580e067de97af7ff0026909c119e476a008cf2714fc91d053083b8914d639ed4009f8d2f6ce6900ec290f4a00767f5a43f7483da8200209a392703bd004600c60e690e5805078a712071483a50315c86c60600e0547cf7a56c0c93d28ea3814007ca063073eb48b90bcfd4d04f6ed4a31923a806800e300d213efed480f5f5a19770c67049ef48042dc1c735182dbb278a710ea70dc6293bd02149e4934a08c609eb4d07f5a3031f8d00372719a6819ed8a91b27a0e94d2481d38a000640f4f5a5001e69b8c8e6971e9da80024e32002076a6fcac4e071da973c714c3f291fad003806f4a551939a7290545230c1e3ad0035b246338a00c0141249cfe541ebc1e6800c8ea69bd393d7a0a7741473b813d314000279c6453b0699b83648fe74fce7f97140c728c8f534fe7391d075a6e7071da8c28e4e71db1401346486e0fe35d15aaa08f07bf35cedb9f9f9e00ae8e250aa149e94013123391dc74a4ed9a56ce76fe34c278c520118e3df9a61247d3bd2b138c53402c0804f4ce280158e0134cc83cd3304039fca9d9c0e3f3a00439c71f9d42d8edf5a767393f9521e09a00729c8e4734d073c81f9d27ddf7a71e07d474a004e3af7a5e4f3dcd20c9a3233c500381e719a8cf2483cd2938a6f4eb8fc28014f3db07d29ac73c03f5a53ef8c91da9bbb380c323f5a00334871f4a33e9c5378ce45000dc2e58f7cd00e463d7d69c0a81eb5138eebd7d28006619c0e9e9ed49934719c9ede94330ea68013d7bfb50c7904530b0385ed8a42c7ad03061c1efeb51638c8e0f5a7e4eedc4e73c01d29301d7279a04055c0dcc323b547f2e7ae31d01e94e2c428553c0a631f6c1f5edf5a003eee48e4d292480ac720f4a4e33c7228ce064500073d0528241a61f41d29aa32db7a50038f0d91c8a66e6cfcdce694ae06d53d2abbb151b8e6801eed9c2838a613819cf4f4a701bb8e80f4a68fbbea7a71fd6801723391c03d2a32416c53c614600e0530b2b1ce6803ad11e3e55cf247e18a7818183f5a0328195e334c77006075f5ad091c327f0a75471f119c9a731e38e49e9400d90384cb1e3a5715ab4004b9cfcbd7e95dabfcc36e7e95c9eaab8662dce4631ef4868c68cfcc3d71f4ad04620003b9acc5395da718e2b4e11bb14c669ae57db9aba847dd0318aa29f780e3357231bba5022fae480546734b3f08cac3e94d87230474a74a0ec054f6e6811e7d7c18dc92071cfd2b025c7250600eb8ef9ae935184a5c13c9073580e1d72cbc63b5432d15dc44bc0e57ae07735623391f3f07b7ad30a2b805b8ab49110ae73ca8e3348a1e0b7600e3d6948651f367278cd351b6b30619c8c67b0a01c1551c91ce3dbffaf400d850a9c1e474ff00f5538939f9b9c1c527f16e4cee1ce3da9363ee058f4ce47739a00639f9c961d3f5a40a64e33804f3492b1e3069ca4803079eb400c791429e0f5f4a8a34dc0b0200638f5229c55998e1801edd4d386108551cf71ed401d269f6e88b891b3f5ae8a1b4880dfc13d80ae2adae5a22015c62ba38af9c004719ab4cca706f636d10a0c6de3a7ffaa948cf39c7ff005ab25b550b90e7240fd2a9cdaa975291f423145ccfd948dc92e123c8c81b4671eded5c86a77eb3cc02f0a3d6aadccf76f2050b918e83b5674c439c723b714ae691a56dcf46d08446100e09230715d0cd6b1e373af24579a69ba99b52636c8039e7deba18fc46b27cbbc000639ad14d184e8cafa1ba6cedcb007b73e95219208d885c0c715c55cf881999a38c77ea6b225d46ea44c29284fa73c53751740541bdcedeeb59863382c2b0352d63ce8709d3b9ae5bccba624b0dc738341538c723d41acdd46cde14228b36b32473890f5f4aeb575b8957e639247e46b863b837cbd7b5685841e712482067f2a4a4d1afb18cb73a09b5d6914aa0dbee7d2b95b99a5b9904928c904e2ba45b385bf0e0d325b3181b0027d693937b9ac70ca3b1cb012876247cb8fd6afc33de4842c5db157ded0eec632055c82d362640ea793d38ed49b2a34b5d4a46d6e18fcc4b0cf3cd573a615e589c01d2ba001506ecf3fe150f9a9249f29a9bb35f648e756cdf717ce7eb59f2c46262c78cd7689121ce40c1ac7d42354242f714d48caa52b2ba39c18dd91952391ffeaab56cad70eaa80fa1cd412c6c5b31f4ad7d3236560f2e2aee6508ddd99af05b0886d518c76a8f5191d621b48e7d456945f2b1239cf4acbbdfde36d61d3b543675b8ab59146c6dda63bcf5f4adf1b9108db8a86d80894606292edf744c3241c63348518d91991c7e65c90d96515b48308aa3a562e9ff0021ebcfa56ea9c0c0e4814c22819d0108dc015346533f31ed58d78590e4f24d5cb162cb9efebeb48698cba8f20e38e3ad730f11491b8fa575b79e5884a11c9e95ca392dd7a66a918575a91fce0608c8e87149e42ae5412039fcaa55ca123d6860df9d339c60623ef7cc7d477a370ceeeb4f040391f4a4dc58fa628018a3f8bb024f3d29db5ca8c601619f6c5346eee78ce6ac962a9bc608c5032bbc4c71f3530ae1b11b600ea4d38a9624f4ce31487033bfebc763401d2696c876961d6bab51940b9c0c5721a6e0edc1c8f6aec2019405b1cf22b44672246c8150b0e3153e39c8a638208c8e0f7a649112dfc031ce7269e7dfeb9a40bf30e4e07ad4a578a00818703fad4d18c0a8d9413cd491a8da3da801f934c3f28c8e49a7669723ad30187691cfe38a6e4290ddc74a7b75383c1e2a8dd4ac8bb5474a405bf306ee3a53b04f35870dd166039db5b4ae766568b83561e841ed9e6ae0504673c551dc17839c9aba8d94fe7400f6e5467f2a61209c67a1e2827278a00e0f02800279c1a29393d474a39ebd28010e7af6a33de9d9cf34dcfb50044c327fa53e2ca919eb4c2483e98a7a8c1008e3a5005d8be691722bbfb601a25278c62bcfe0cf9cbd719ebed5e816983083d315321a2d6470291806e9cd0793ed4a2b3288ce3e9494bd79eb46dec6980872467a5033da978a33e94804fa5283477a5cd002fbd34e3bd387eb4defcf7a004cf7a5c7714ded52638cd0213ae2827b77a43401cd003b241c5318f1eb4ef7a89d8761d28029cb906aaf39f5a9ae097fa9a8718efda9800ce29f863d3f1a6e0934bc0c83de800247e5c7e34526011f5a071f9d003707071c62a0627ad4e48ef5589ef400c660b4e539e9d2a120b3616a74c8e6819370bf5346e39e714879073f5a502810bdb147d280371eb4114c06e067a51fca94e735196c1c7a5003b91d3a7a521273c8a01e3238a692bd28010fbd35985389f5a8c9ed9e28011bda9cb9c74a603d4fa5286079e9de801c781509ce6a525fbf4a84905a8003c83835131dbf31c9352f1d69b950a477ed4008189f9b18a79e393daa32770c62979ce0d003f8f5fa5231a6f4e0d378eb400b9cf14dc9049278a5f7a692393d68015586391484e7a5479e79a70eb8a0079271c1a6a7b9a09f4e94841c039a007330c629b904d275e0d008a0093200f7cd349c739a19b8000fa9a613ce7a500296e78f4a88f4a5ebda9b9e79a00767029149ceecd377739ed4eebc74a005032324734d6c64039e69439233e9c521e57e6ebdb1400d3c727a531cf002f5a70e39e94c6ce3ad00286da3045048ea2a32323f514f5c1e2801412473c504e07f853881de9873dbbf6a00091d29a770f94fd68ebd4f205273c16ff1a062b0c0c534b1c7bd28cf04d37715ce707bd00381a7b6400698082334f72aab400cdc71ec6a2e09c9e94e24e79ed4dc1ff1a0070f5e68e47238a68fe468dc0fdd1f9d001d79f5a55c0c63ad3720649a1b8048a0098ca31cf43511607914cdd9ea293703d063b50023123daa2078c54a48efdea3207ad000acc324f53c1a4fa74a4ce297af7c5003b2acb8a8416ff0a7838f981cfad3475ddd280149f5e7b5331ffeaa42dc7af3c629a4f381d2800dbd79a461b396a7eec034c38c75a0041cf028f947cbda938a4c1cf1400e6233c5333dc76341c0ebde91cb602f6eb400a08c73d6924c75a00cfbd0e99c7718a063082d8c703f9d380006dea29a5941c81d38a5c822801b840768eb4119079e69c31d699c7d71400efe2041e7149c9620e08ed4718000e4519653db3d0d2019bb27934cefcd00739349d4f1400e1923140c74149f74ed3d68efcf6a0052cd826906e0a41fad2819273d45211b87ad0020dc727d3bd007614d048cfbd283d707a50019cd211da9727a74cd2738e3a5000a4ae48ef4e2ccd8079a653b3eb9a00015eac78a3a0c76a4f6fd68047ff5a810a46171eb47cc4f3c0c77a4edd69c0839c9c8a0620c91c8f97b1a705c8cf4a8ce7070481ef520fba33d280148c827d2946d2368ce475a6648ed520ced048a00b96caae300fa67dab7c078d1413d3a56159820fcc3af4f6adce08071400e3d8e7934232e3914a00038fca998c039e94808c6598e3f0a45240dbf8d3b39c01c0a407a8e3fad0035b6839734672073f4a52bf2f4f7f5a4f978c77a0088ede839c7f3a6671d338f5a95b9181511276e4d002719cf5a538c8c5267039346ec75a00773eb9cf34de7149cd0c80ae58e2800c9a507e6c9151aa95183d3dea5dadb4b0e94011920ff009e2938cf3fa5271f4e29073cf6a00323a629327e947d69a4f18cd0028c03c7e94dcb0c678192293a77e3814847385e6801cee42ee0299c95dcbc83eb4ec7cbb4d3766d0d8eb401192095e303a5212a18ede869a49e9d0f7a72025b71fbb8a0052db79ea69a99239ebda9e76e709ebd293240e3d7ad0040e707069038efc834a58eee87029a703279c119a0050d9c9e060f14a08ce0fad44bc71fa52828386efcd002f049ee3de86040040a699173834bc81ec3bd00296f5ed4cc8e99f6a53c81d3229b9db918cf1d6802338dc590e71d69c5813b80c0c53401c9e300d38602e4f3cf140074e3af349950d9ed9cd3432161b385a4208fbdd077a06750adbb8e94b819f7ed533a03cf7151295ddb5b8fad684013ce297d33db814a236c966008cfe349200b8da7393400e0bc1271eb5cd6ac3e566239c7f3ae889764da8091587a9c6fb360e07f4ef40d1c8a4a54aa90723f8856a424ab60f02a8104023f115a1082404273e940cd2879f981abd0ed1ce7ad67c78ddc1e2aec606f50d408d059091f7791d3dea43865dddfd2a107712b8c71d2a70368cb0ebc62988e2f583b5f3d864e7fa57312bae7e5e73dfad755acee8dc8dbc673f9d7272327289d0f359b2d6c40177670718ab71128a577657b554040f94706acc49216c12307a01486581f776fa53fe52724e0ae3a530a0cf27273d076a64aac54ed1b8fa0a0648930f30f3d3d4544ce464ff939a700c8a323f3fe55148c597e5181fd6801bf2870d9cee1934e058923ee8033508da0b11df8c9a9083c0663c718f4a008b682db88f9455b862699804c7e7cd56c3a839c723a0ae834cb518f34807d281c23ccec5d834f8e340641b89ef50de18a3010f4ef5b2bf2aed0471583a8c68db598f24f14ae754a29233198baee5ce0741d6b720b30630cdf7856758c1125cef6e00edebf5ae9c05033db14314217dcc9b885608f700bf375ae782279c5234249e720f02b53547ddf77d303de9748812404c839233914fa12e1cd2b22b4762d27247cdef514d6585f331edcd7604282703afe955a68c3a103af3834b98d1d0b2380512a395396edf856f5a583bb6f7edd07a52c96fb65214630474addb78f118ce687231a7475d4ae2d1186d22b36e6d80e0f6ae8ba718aa770a581e3a54a6744a9a39758c197e518ae96dada3822039e79ebdeb230c926f5191deb6bfe59027ae2a9b221148a3737d1c0db07e79ef4fb6b967ce46411f5ae7ef109c8c727b56e580f2e105f938ea3d690d36d9249315c22f209e86b4d095401c71fd2b9d9a751761578031c7f3ad9826f34647dd1f9d05c5ea52d5676813f77c1231f9d52d35e5698120e3d4fad6c5cc42652878ef55ad2068c9dc000290ecee6811b1493826b97d46e8b131e40230307a574d29d91e7d4739e95c9cb0335d6d51f313f5a688adb16a2d2a57b57b8c640ce315069fbc39e4609af45b7b54fb0a861838e7eb5c8dd69cf0cd945e3273f5ace3553ba39e1b9a4a4138ef552e23cc836823dea588ba01e675eb53f04ef3ce6b43ad6a88a28c28e49393dea3bcc08b2074ab6c0afd2abddafee69035a1cec772124dca3bf35d0add478ddd31e95cb4d1c88c1b3806923b8918ed3c923f0aa305235aea58ddf6a7209c935a96c364781c679ac9b5b6decb2cbea38f5c56e49204fc691712b5f38f2caa8c91d6b005acdb9980fc7b574c88ac32fd474f6ab0b02925547069a629d3e638e36f346a37e7a5461db383dabab9ed15c1009231fe4d73f770bc6d8238aa4ee73d4a6e25363c960319a6959369ec71de863b39ea01a53fbcfba7e941909c1ca4878f6ef49e582368e8077a711821b3c9ebed4d0b91bba0fe74c63f2b8e0e69841c93ebdaa5010a9e3350b73f360f1c01401b7a6327ddee3b0aeca151b40ae234c5db30c03cf715dcc1f7455233916300fb535b04e06334a5b0299b417057a9aa2469c9fa8a06e0319a4c8f5c8ce29dd73ed40063d7b539093c76a6a82c00ce3fcf7a74608c9c5301fd4641a0edc64d2e7839a637f3a0046c9191deaa4f0bc806dab58006339ed4a59b800e68031d2c7127cdc77c569001405a900c903f034a471cf38a40ddc610c483daaf2fa2fff00aea9e46ecaf4c5594c8033da981260814e381f31a6e32290ff00748a4018e78ef4ec2918cd30f5f9694000f1400983d294fbd296c74e4d3727209efcfd2801ac71c0fe2eb48b9047b523d38640cf1c76a00bd09f9957f0aef2c896b70c38c570f6b0b382c3d6bb7b35c5b2835321c4b6720f14a49e99a064503835994339070697229cdcf6e299f8530138cd2e69a714a3da801734a38e45273f4a3f0a4217bd213da97f9d277e7a77a0041df22a51d29a063e952a60f5a60014e39a691e9521e4d34fad004446ea80ae462ac9f6a89f81c77a00cc95707daa263c106accc4741deaa7ad003cb76518a68040a4193d29c3a83400a734de07e152022a23d73400c7207150e69ec727d6a26ce3340c809c73ef56d17236e7a7afbd54efd3bf7a9d070334013e401c718e280dce01a6939eb5171bb6d022ce48cfad19c77a6063e9467276d003b3c546464e6a5c8c546c49e05301873f811480f348491d6985b3400f2dda984e690019a5028013b824d2823268c66908f4a00561c019aae473f43cd4a4f7a837127e51c5002191682467239cf4aaf2fca7fc29c8fed9a00b09c8c52938239aae848e831e94f391d68024e871d734671516e27af14b9ee2801e4e4f1d3d29081902999efdfbd2924d0034e475a54201e699c639e949919a0095883494d0c3f1a5247d2801a48e9428c9c74a5661d69b90c739a0071247f853320f3eb4e39dbc9fa1a8f939c50029e7071d29848e9fca9581006013ef519ddc022801e1863a5394fb5439ee4d4a98ce33400edce38c0c1a686cb63d282ca0d35972323bf7a0052e09207e74c20823340e39fca91b938e940098ed4bce78a6865c914edc09cd00293c0e393484e3b7e741ee49c1a6e6800e7191d7b8a43c77c0feb4832739e29bb8e31cd031c72067afa501727071c52027ad34e49c7bd004d9c8000e948c4f038f6a4e41c0e698c73c9a004f5c7e348339a4391907ff00d7464f3400bcd03d05280c3ef71481b6f4a00318c50cc36ee534def4cc15e49a0070e3919a6124e39a43cf347d79a00427b1e693a74a0819cf5a4cf3ed4001e7802979638ce38a6e70c33c8a6e7ae7b5003ba0c714cc91d3a1a4eb8c7eb4c62b9da3b500498233cd478e73eb488bd589e7f9530b);
INSERT INTO `users` (`id`, `firstname`, `lastname`, `username`, `password`, `contact`, `address`, `profile`) VALUES
(2, 'miel', 'danggoy', 'miel', 'miel', 123, 'calamias', 0x433a5c77616d705c7777775c42656e74612e70686868682f70726f66696c65732f312e6a7067);
